"","baker","baker_age","hometown","baker_occupation","series","episode","signature_bake","show_stopper","technical","result"
"1","Ali Imdad  ",25,"Saltley, Birmingham","Charity worker",4,1,"Rose and Pistachio Cake","Chocolate, Raspberry and Passion Fruit Engagement Cake",11,"IN"
"2","Ali Imdad  ",25,"Saltley, Birmingham","Charity worker",4,2,"Italian Grissini","Sweet and Savoury Yin Yang Bread",9,"IN"
"3","Ali Imdad  ",25,"Saltley, Birmingham","Charity worker",4,3,"Coconut, Raspberry and Lemon Meringue Trifle","Vanilla Latte Mini CakesLime & Mint Shortbread Pops",5,"IN"
"4","Ali Imdad  ",25,"Saltley, Birmingham","Charity worker",4,4,"Apple and Ginger Pie with a Pecan and Walnut Shortcrust Pastry","Orange, Cardamom and Date M'Hanncha",8,"OUT"
"5","Alice Fevronia  ",28,"Essex","Geography teacher",10,1,NA,NA,5,"IN"
"6","Alice Fevronia  ",28,"Essex","Geography teacher",10,2,NA,NA,1,"STAR BAKER"
"7","Alice Fevronia  ",28,"Essex","Geography teacher",10,3,NA,NA,7,"IN"
"8","Alice Fevronia  ",28,"Essex","Geography teacher",10,4,NA,NA,8,"IN"
"9","Alice Fevronia  ",28,"Essex","Geography teacher",10,5,NA,NA,6,"IN"
"10","Alice Fevronia  ",28,"Essex","Geography teacher",10,6,NA,NA,1,"IN"
"11","Alice Fevronia  ",28,"Essex","Geography teacher",10,7,NA,NA,6,"IN"
"12","Alice Fevronia  ",28,"Essex","Geography teacher",10,8,NA,NA,3,"IN"
"13","Alice Fevronia  ",28,"Essex","Geography teacher",10,9,NA,NA,4,"STAR BAKER"
"14","Alice Fevronia  ",28,"Essex","Geography teacher",10,10,NA,NA,2,"Runner-up"
"15","Alvin Magallanes  ",37,"Bracknell, Berkshire","Nurse",6,1,"Orange Vanilla and Fig Madeira Cake","Black Forest Gâteau",2,"IN"
"16","Alvin Magallanes  ",37,"Bracknell, Berkshire","Nurse",6,2,"Jackfruit, Pistachio and Macadamia Biscotti","Gingerbread Box filled with Brandy Snaps",6,"IN"
"17","Alvin Magallanes  ",37,"Bracknell, Berkshire","Nurse",6,3,"Prosciutto, Manchego and Balsamic Onion Soda Breads","Cornucopia",4,"IN"
"18","Alvin Magallanes  ",37,"Bracknell, Berkshire","Nurse",6,4,"Blackberry Crème Brûlées","Tower of Fruits Cheesecakes",9,"IN"
"19","Alvin Magallanes  ",37,"Bracknell, Berkshire","Nurse",6,5,"Pineapple Upside Down Cake","Buko Pandan, Mango and Passion Fruit Ice Cream Roll",8,"IN"
"20","Alvin Magallanes  ",37,"Bracknell, Berkshire","Nurse",6,6,"Plum Frangipane Tart","Smoked Salmon En Croûte and Vermouth Chicken à la King Vol-au-vents",6,"OUT"
"21","Amelia LeBruin  ",24,"Halifax","Fashion designer",10,1,NA,NA,4,"IN"
"22","Amelia LeBruin  ",24,"Halifax","Fashion designer",10,2,NA,NA,9,"IN"
"23","Amelia LeBruin  ",24,"Halifax","Fashion designer",10,3,NA,NA,11,"OUT"
"24","Andrew Smyth  ",25,"Derby / Holywood, County Down","Aerospace engineer",7,1,"Lemon and Rosemary Drizzle Cake","'Ultimate Indulgence' Mirror Glaze Cake",12,"IN"
"25","Andrew Smyth  ",25,"Derby / Holywood, County Down","Aerospace engineer",7,2,"Beehive Biscuits","Punting in Cambridge",4,"IN"
"26","Andrew Smyth  ",25,"Derby / Holywood, County Down","Aerospace engineer",7,3,"Chocolate Barmbrack Bread","Braided Harvest Bread Basket",2,"IN"
"27","Andrew Smyth  ",25,"Derby / Holywood, County Down","Aerospace engineer",7,4,"Yorkshire 'Tapas' Puddings","Churros Window Box",4,"IN"
"28","Andrew Smyth  ",25,"Derby / Holywood, County Down","Aerospace engineer",7,5,"Mum and Dad's Breakfast Pastries","Spicy Chorizo Squash Parcels and Baklava Bites",6,"IN"
"29","Andrew Smyth  ",25,"Derby / Holywood, County Down","Aerospace engineer",7,6,"Tangy Lime and Ginger Meringue Pie","Spring Elderflower Trio",6,"IN"
"30","Andrew Smyth  ",25,"Derby / Holywood, County Down","Aerospace engineer",7,7,"Tropical Holiday Roulade","Childhood Ice Cream Mousse Cakes",1,"STAR BAKER"
"31","Andrew Smyth  ",25,"Derby / Holywood, County Down","Aerospace engineer",7,8,"Da Vinci Inspired Geared Pies","Jousting Knights Marchpane",2,"IN"
"32","Andrew Smyth  ",25,"Derby / Holywood, County Down","Aerospace engineer",7,9,"Cheesy Elephant Ears and Herby Treble Clefs","Philharmonic Fondants",2,"STAR BAKER"
"33","Andrew Smyth  ",25,"Derby / Holywood, County Down","Aerospace engineer",7,10,"Crunchy Caramel Cassis Crown","Family and Friends' Favourites Picnic",1,"Runner-up"
"34","Annetha Mills  ",30,"Essex","Midwife",1,1,"Light Jamaican Black Cakewith Strawberries and Cream","Red, White & Blue Chocolate Cake with Cigarellos, Fresh Fruit, and Cream",2,"IN"
"35","Annetha Mills  ",30,"Essex","Midwife",1,2,"Rose Petal Shortbread","Pink Swirl Macarons / Eclairs",7,"OUT"
"36","Antony Amourdoux  ",30,"London","Banker",9,1,NA,NA,12,"IN"
"37","Antony Amourdoux  ",30,"London","Banker",9,2,NA,NA,9,"IN"
"38","Antony Amourdoux  ",30,"London","Banker",9,3,NA,NA,8,"OUT"
"39","Beca Lyne-Pirkis  ",31,"Aldershot, Hampshire","Military Wives' Choir Singer",4,1,"Grapefruit Sandwich Cake","Chocolate Cherry Indulgence",8,"IN"
"40","Beca Lyne-Pirkis  ",31,"Aldershot, Hampshire","Military Wives' Choir Singer",4,2,"Fennel and Chilli Breadsticks","Five Strand Christmas Wreath",11,"IN"
"41","Beca Lyne-Pirkis  ",31,"Aldershot, Hampshire","Military Wives' Choir Singer",4,3,"Orange and Ginger Trifle","Limoncello and Blueberry BurstsMillionaire Shortbread",10,"IN"
"42","Beca Lyne-Pirkis  ",31,"Aldershot, Hampshire","Military Wives' Choir Singer",4,4,"Mamgu's Cherry-Apple Tart","Moroccan Vegetable Filo Feast",2,"IN"
"43","Beca Lyne-Pirkis  ",31,"Aldershot, Hampshire","Military Wives' Choir Singer",4,5,"Chocolate, Cherry and Hazelnut Brownies","Tiered Macaron and Sugar Dough Biscuit Centrepiece",5,"IN"
"44","Beca Lyne-Pirkis  ",31,"Aldershot, Hampshire","Military Wives' Choir Singer",4,6,"Bara Brith","Chocolate and Rum-Soaked Prune BriochesCardamom Spiced Lemon Iced Buns",6,"IN"
"45","Beca Lyne-Pirkis  ",31,"Aldershot, Hampshire","Military Wives' Choir Singer",4,7,"Spring Lamb and Vegetable Suet Puddingwith Redcurrant Gravy","Nectarine and Frangipane SquaresChocolate and Hazelnut Vol-au-ventsStrawberries and Cream Mille-feuille",1,"IN"
"46","Beca Lyne-Pirkis  ",31,"Aldershot, Hampshire","Military Wives' Choir Singer",4,8,"Potato, Spelt and Rosemary Focaccia","Spiced Butternut Squash and Pecan 'Cheese' Cake",4,"IN"
"47","Beca Lyne-Pirkis  ",31,"Aldershot, Hampshire","Military Wives' Choir Singer",4,9,"Stilton and Walnut MacaronsBeetroot and Salmon Choux PuffsWelsh Rarebit Tartlets","Banoffee Opera Cake",3,"OUT"
"48","Ben Frazer  ",31,"Northampton","Graphic Designer",2,1,"Rhubarb and Custard CupcakesAfter Dinner Cupcakes","Vanilla Sponge with White Chocolate and Raspberry Buttercream",2,"IN"
"49","Ben Frazer  ",31,"Northampton","Graphic Designer",2,2,"Chorizo, Pepper and Gruyere Quiche","Lemon Meringue Tarts",1,"IN"
"50","Ben Frazer  ",31,"Northampton","Graphic Designer",2,3,"Walnut, Raisin and Rosemary Loaf","UNKNOWN",3,"IN"
"51","Ben Frazer  ",31,"Northampton","Graphic Designer",2,4,"Stem Ginger Nuts","Chocolate and Almond MacaronsPine Nut MacaronsPistachio Macarons",5,"OUT"
"52","Benjamina Ebuehi  ",23,"South London","Teaching assistant",7,1,"Pistachio, Cardamom and Lemon Drizzle Cake","White Chocolate Mirror Glaze with Salted Praline Buttercream",6,"IN"
"53","Benjamina Ebuehi  ",23,"South London","Teaching assistant",7,2,"Bouquet Biscuits","New York, New York",3,"IN"
"54","Benjamina Ebuehi  ",23,"South London","Teaching assistant",7,3,"Chocolate, Tahini and Almond Babka","Braided Bread Heart",6,"IN"
"55","Benjamina Ebuehi  ",23,"South London","Teaching assistant",7,4,"Red Onion Chutney, Brie and Bacon Yorkshire Puddings","Tropical Churros",1,"STAR BAKER"
"56","Benjamina Ebuehi  ",23,"South London","Teaching assistant",7,5,"'Good Morning America' Swirls and Peanut Butter and Banana Pinwheels","Plantain and Spinach Samosas and Chai Pear Cups",5,"IN"
"57","Benjamina Ebuehi  ",23,"South London","Teaching assistant",7,6,"Grapefruit and Ginger Meringue Pie","Floral Tea Cake",2,"IN"
"58","Benjamina Ebuehi  ",23,"South London","Teaching assistant",7,7,"Piña Colada Roulade","Apple Crumble Mousse Cake and Chocolate Coffee Mousse Cake",3,"IN"
"59","Benjamina Ebuehi  ",23,"South London","Teaching assistant",7,8,"Mexican Adventure","Tudor Garden",4,"OUT"
"60","Brendan Lynch  ",63,"Sutton Coldfield","Recruitment consultant",3,1,"Plum, Sour Cherry & Walnut","UNKNOWN",10,"IN"
"61","Brendan Lynch  ",63,"Sutton Coldfield","Recruitment consultant",3,2,"Middle Eastern Taboon BreadIndian Rotis","Chocolate and Vanilla Bagels
Cumin and Gruyere Bagels",4,"IN"
"62","Brendan Lynch  ",63,"Sutton Coldfield","Recruitment consultant",3,3,"Apple and Ginger Tarte Tatin","Blackberry, Nectarine and Dragon Fruit Tart",9,"IN"
"63","Brendan Lynch  ",63,"Sutton Coldfield","Recruitment consultant",3,4,"Clementine and Chestnut Torte","Pear, Chocolate and Hazelnut Dacquoise",1,"STAR BAKER"
"64","Brendan Lynch  ",63,"Sutton Coldfield","Recruitment consultant",3,5,"Salmon Coulibiac in a Scandinavian Pastry","All American Chiffon Pie",3,"IN"
"65","Brendan Lynch  ",63,"Sutton Coldfield","Recruitment consultant",3,6,"Rhubarb, Strawberry and Ginger Puddings
Sticky Toffee Puddings","Spinach, Cheese and Walnut Strudel",1,"STAR BAKER"
"66","Brendan Lynch  ",63,"Sutton Coldfield","Recruitment consultant",3,7,"Chelsea Bunskis","Black Forest Christmas Stollen",4,"IN"
"67","Brendan Lynch  ",63,"Sutton Coldfield","Recruitment consultant",3,8,"Multi-Seed Savoury Crackers","Fantasy Gingerbread Bird House",2,"IN"
"68","Brendan Lynch  ",63,"Sutton Coldfield","Recruitment consultant",3,9,"Coffee Meringue and Hazelnut CreamsApricot and Pistachio FriandsLime Curd Choux Pastry Cygnets","Gateau St. Honoré",3,"IN"
"69","Brendan Lynch  ",63,"Sutton Coldfield","Recruitment consultant",3,10,"Potato and Pepper Pithivier","Family Reunion Chiffon Cake",2,"Runner-up"
"70","Briony Williams  ",33,"Bristol","Full-time parent",9,1,NA,NA,2,"IN"
"71","Briony Williams  ",33,"Bristol","Full-time parent",9,2,NA,NA,5,"IN"
"72","Briony Williams  ",33,"Bristol","Full-time parent",9,3,NA,NA,9,"IN"
"73","Briony Williams  ",33,"Bristol","Full-time parent",9,4,NA,NA,5,"IN"
"74","Briony Williams  ",33,"Bristol","Full-time parent",9,5,NA,NA,6,"IN"
"75","Briony Williams  ",33,"Bristol","Full-time parent",9,6,NA,NA,1,"STAR BAKER"
"76","Briony Williams  ",33,"Bristol","Full-time parent",9,7,NA,NA,5,"IN"
"77","Briony Williams  ",33,"Bristol","Full-time parent",9,8,NA,NA,1,"IN"
"78","Briony Williams  ",33,"Bristol","Full-time parent",9,9,NA,NA,3,"OUT"
"79","Candice Brown  ",31,"Barton-Le-Clay, Bedfordshire","PE teacher",7,1,"Raspberry and Rhubarb Drizzle Custard Bundt Cake","Mirror Mirror On The Wall, Who Is The Shiniest Cake Of Them All?",5,"IN"
"80","Candice Brown  ",31,"Barton-Le-Clay, Bedfordshire","PE teacher",7,2,"Salted Caramel, Chocolate Iced Shiny Hearts","Gingerbread Pub with Sticky Ginger Carpet",8,"STAR BAKER"
"81","Candice Brown  ",31,"Barton-Le-Clay, Bedfordshire","PE teacher",7,3,"Chocolate, Salted Caramel & Pecan Brittle Brioche Loaf","Italian Light and Dark Rye Twist",3,"IN"
"82","Candice Brown  ",31,"Barton-Le-Clay, Bedfordshire","PE teacher",7,4,"Yorkshire Wellingtons","Two-Way Peanut Butter Churros",2,"IN"
"83","Candice Brown  ",31,"Barton-Le-Clay, Bedfordshire","PE teacher",7,5,"Danish Pastry Croque Monsieur Kites and Cinnamon Apple, Vanilla Crème Rose Danish","Sausage, Black Pudding and Apple Rounds and Banoffee Whiskey Cups",2,"STAR BAKER"
"84","Candice Brown  ",31,"Barton-Le-Clay, Bedfordshire","PE teacher",7,6,"Lime, Coconut and Lemongrass Sugar Meringue Pie","Four Seasons Cake",5,"IN"
"85","Candice Brown  ",31,"Barton-Le-Clay, Bedfordshire","PE teacher",7,7,"Crowd Pleaser Roulade","Blackberry and Raspberry Bubbles and After Dinner Mousse",2,"IN"
"86","Candice Brown  ",31,"Barton-Le-Clay, Bedfordshire","PE teacher",7,8,"Cheesy Cheeky Fish Pies","Peacock",1,"STAR BAKER"
"87","Candice Brown  ",31,"Barton-Le-Clay, Bedfordshire","PE teacher",7,9,"Red Onion, Cambozola and Walnut Palmiers and Mushroom, Streaky Bacon, and Parmesan Palmiers","Chocolate Praline Fondant Fancies and Cherry Bakewell Fondant Fancies",3,"IN"
"88","Candice Brown  ",31,"Barton-Le-Clay, Bedfordshire","PE teacher",7,10,"Queen Victoria's Mango and Strawberry Crown","Picnic for Pearly Kings and Queens",2,"WINNER"
"89","Cathryn Dresser  ",27,"Pease Pottage, West Sussex","Shop assistant",3,1,"Apple, Hazelnut and Calvados","Hidden Cupcake Cake",5,"IN"
"90","Cathryn Dresser  ",27,"Pease Pottage, West Sussex","Shop assistant",3,2,"Spiced Mango NaanLime, Coriander and Chilli Tortillas","Cranberry and Orange Bagels
Chipotle, Chili, and Smoked Cheddar Bagels",8,"IN"
"91","Cathryn Dresser  ",27,"Pease Pottage, West Sussex","Shop assistant",3,3,"Plum, Cherry and Five Spice Tarte Tatin","Raspberry, Pistachio and Lemon Tart",3,"IN"
"92","Cathryn Dresser  ",27,"Pease Pottage, West Sussex","Shop assistant",3,4,"White Chocolate, Macadamia and Coffee Torte","Gooseberry, Almond and Honey Meringue",3,"IN"
"93","Cathryn Dresser  ",27,"Pease Pottage, West Sussex","Shop assistant",3,5,"Full English Wellington","Chocolate and Peanut Butter Pumpkin Pie",1,"IN"
"94","Cathryn Dresser  ",27,"Pease Pottage, West Sussex","Shop assistant",3,6,"Chocolate Walnut Whip Puddings
Elderflower Sponges","Roasted Vegetable Couscous and Sheep Cheese Strudel",3,"IN"
"95","Cathryn Dresser  ",27,"Pease Pottage, West Sussex","Shop assistant",3,7,"Lady Arundel's Manchet Buns","Bonfire Night Tear 'n' Share Brioche",5,"IN"
"96","Cathryn Dresser  ",27,"Pease Pottage, West Sussex","Shop assistant",3,8,"Cheese and Pickle Crackers","Gingerbread Buckingham Palace",5,"OUT"
"97","Chetna Makan  ",35,"Broadstairs, Kent","Fashion Designer",5,1,"Cardamom, Pistachio and Coffee Swiss Roll","Tiered Victoria Sponges with Lemon Curd and Raspberry Cream",3,"IN"
"98","Chetna Makan  ",35,"Broadstairs, Kent","Fashion Designer",5,2,"Fenugreek and Carom Crackers","Day On The Beach",8,"IN"
"99","Chetna Makan  ",35,"Broadstairs, Kent","Fashion Designer",5,3,"Onion and Pine Nut Rolls","Rolled and Filled Twin Loaf",8,"IN"
"100","Chetna Makan  ",35,"Broadstairs, Kent","Fashion Designer",5,4,"Rhubarb, Strawberry and Orange Puddings","Mango, Raspberry and Coconut Baked Alaska",3,"IN"
"101","Chetna Makan  ",35,"Broadstairs, Kent","Fashion Designer",5,5,"Rice Custard Tart with Mangoes and Raspberries","Fusion Tiered Pies",2,"IN"
"102","Chetna Makan  ",35,"Broadstairs, Kent","Fashion Designer",5,6,"Orange Savarin with Cinnamon Cream","Almond Liqueur Dobos Torte with Chocolate Caramel Buttercream",2,"STAR BAKER"
"103","Chetna Makan  ",35,"Broadstairs, Kent","Fashion Designer",5,7,"Crispy Lentil Kachori","Chocolate and Mango & Lemon Meringue Éclairs",6,"IN"
"104","Chetna Makan  ",35,"Broadstairs, Kent","Fashion Designer",5,8,"Date and Walnut Swirl Bread","Chocolate Mousse Filled DoughnutsBraided Doughnuts",1,"IN"
"105","Chetna Makan  ",35,"Broadstairs, Kent","Fashion Designer",5,9,"Chocolate Orange Baklava Masala Chai Baklava","Chocolate, Orange & Nut EntremetsCappuccino Entremets",4,"OUT"
"106","Chris Geiger  ",50,"Bristol","Software developer",8,1,"Tropical Fresh Fruit Cake","'Raised Pork Pie and Egg Surprise' Cake",12,"IN"
"107","Chris Geiger  ",50,"Bristol","Software developer",8,2,"Chocolate Chia Seed Biscuits with Whisky Caramel Filling","'The Great British Sail Off' Game",11,"OUT"
"108","Christine Wallace  ",66,"Didcot, Oxfordshire","Director of an engraving company",4,1,"Strawberry, Vanilla and Rosewater Summer Basket","Chocolate and Orange 'Fripperous' Hat Cake",3,"IN"
"109","Christine Wallace  ",66,"Didcot, Oxfordshire","Director of an engraving company",4,2,"Mediterranean Breadsticks with Oregano","Double Plaited Loaf",4,"IN"
"110","Christine Wallace  ",66,"Didcot, Oxfordshire","Director of an engraving company",4,3,"Caribbean Pina Colada Trifle","Ninety-NinersSachertorte Parcels",4,"STAR BAKER"
"111","Christine Wallace  ",66,"Didcot, Oxfordshire","Director of an engraving company",4,4,"Granny Rogers' Apple, Plum & Cinnamon Country Pie","Roasted Vegetable Filo Pie with Feta Cheese",7,"IN"
"112","Christine Wallace  ",66,"Didcot, Oxfordshire","Director of an engraving company",4,5,"Mixed Berry and Almond Crumble Traybake","Shortbread Bavarian Clock Tower",1,"STAR BAKER"
"113","Christine Wallace  ",66,"Didcot, Oxfordshire","Director of an engraving company",4,6,"Oxford Nutty Fruit Loaf","Schnecken BunsVanilla Custard Skolebrød",4,"IN"
"114","Christine Wallace  ",66,"Didcot, Oxfordshire","Director of an engraving company",4,7,"Spotted Dick 'With a Kick'and Vanilla Custard Ice Cream","Eccles CakesFresh Fruit BasketsLemon Cream Eton Mess Mille-feuille",6,"IN"
"115","Christine Wallace  ",66,"Didcot, Oxfordshire","Director of an engraving company",4,8,"Multi-Seeded Loaf with Pumpkin, Sesame and Sunflower Seeds","Sweet Potato Guitar with Passion Fruit Icing and Marshmallow Fondant",5,"OUT"
"116","Yan Tsou  ",46,"North London","Laboratory research scientist",8,1,"Windfall Apple Crumble Cake","'Banana-ramen' Cake",4,"IN"
"117","Yan Tsou  ",46,"North London","Laboratory research scientist",8,2,"'Mrs. Marian's PB 'n' B' Biscuits","'Adventures in Bakeland' Game",1,"IN"
"118","Yan Tsou  ",46,"North London","Laboratory research scientist",8,3,"'Mrs P's' Masala Chai Spiced Teacakes","'Basil the Vegetarian Dragon with his Pumpkin Hoard' Bread Sculpture",8,"IN"
"119","Yan Tsou  ",46,"North London","Laboratory research scientist",8,4,"'Lil' Red's Ginger and Nuts' Millionaire Shortbreads","Animals of the Rainforest Caramel Cake",8,"IN"
"120","Yan Tsou  ",46,"North London","Laboratory research scientist",8,5,"Mango Fruit Hat Steamed School Pudding","'Heart of a Hero' Trifle Terrine",6,"IN"
"121","Yan Tsou  ",46,"North London","Laboratory research scientist",8,6,"'πr2' Decorative Pies","Chequerboard Pie",1,"IN"
"122","Yan Tsou  ",46,"North London","Laboratory research scientist",8,7,"Cannoli Cocktails","Canadian-Style Sfogliatelle",5,"OUT"
"123","Claire Goodwin  ",31,"Ashton upon Mersey, Trafford","Speech Therapist",5,1,"Chocolatey Orangey Swirly Roll","Mini Chocolate and Cherry Cakes",8,"OUT"
"124","Dan Beasley-Harling  ",36,"London","Full-time parent",9,1,NA,NA,4,"IN"
"125","Dan Beasley-Harling  ",36,"London","Full-time parent",9,2,NA,NA,3,"IN"
"126","Dan Beasley-Harling  ",36,"London","Full-time parent",9,3,NA,NA,6,"IN"
"127","Dan Beasley-Harling  ",36,"London","Full-time parent",9,4,NA,NA,1,"STAR BAKER"
"128","Dan Beasley-Harling  ",36,"London","Full-time parent",9,5,NA,NA,2,"IN"
"129","Dan Beasley-Harling  ",36,"London","Full-time parent",9,6,NA,NA,6,"OUT"
"130","Dan Chambers  ",32,"Rotherham","Support worker",10,1,NA,NA,9,"OUT"
"131","Danny Bryden  ",45,"Sheffield","Intensive care consultant",3,1,"Plum, Ginger & Orange","UNKNOWN",7,"IN"
"132","Danny Bryden  ",45,"Sheffield","Intensive care consultant",3,2,"Lime Coriander and Coconut TortillasZaatar Naan with Dukkah","UNKNOWN",3,"IN"
"133","Danny Bryden  ",45,"Sheffield","Intensive care consultant",3,3,"Savoury Pear and Roquefort Tarte Tatin","Pineapple, Coconut and Frangipane Tart",2,"IN"
"134","Danny Bryden  ",45,"Sheffield","Intensive care consultant",3,4,"Blackberry, White Chocolate, Lemon and Elderflower Torte","'Monte Bianco' Chestnut, Chocolate and Coffee Dacquoise",2,"IN"
"135","Danny Bryden  ",45,"Sheffield","Intensive care consultant",3,5,"Chickpea, Spinach & Mushroom Wellington","Trick or Treat Pumpkin Pie",7,"IN"
"136","Danny Bryden  ",45,"Sheffield","Intensive care consultant",3,6,"Banoffee Puddings with Walnut Butterscotch SauceJubilee Chocolate Fondants","Leek, Potato, Pistachio and Gruyère Strudel",2,"IN"
"137","Danny Bryden  ",45,"Sheffield","Intensive care consultant",3,7,"Bakewell Chelsea Buns","European Christmas Wreath",2,"STAR BAKER"
"138","Danny Bryden  ",45,"Sheffield","Intensive care consultant",3,8,"Spiced Almond Drinks Crackers","Gingerbread Big Ben",4,"IN"
"139","Danny Bryden  ",45,"Sheffield","Intensive care consultant",3,9,"Blackberry and Peppermint MacaroonsMiniature Raspberry and Basil FinanciersOrange and White Chocolate Langues de Chat","Rosewater and Lychee St. Honoré",4,"OUT"
"140","David Atherton  ",36,"Whitby","International health adviser",10,1,NA,NA,10,"IN"
"141","David Atherton  ",36,"Whitby","International health adviser",10,2,NA,NA,2,"IN"
"142","David Atherton  ",36,"Whitby","International health adviser",10,3,NA,NA,2,"IN"
"143","David Atherton  ",36,"Whitby","International health adviser",10,4,NA,NA,2,"IN"
"144","David Atherton  ",36,"Whitby","International health adviser",10,5,NA,NA,9,"IN"
"145","David Atherton  ",36,"Whitby","International health adviser",10,6,NA,NA,2,"IN"
"146","David Atherton  ",36,"Whitby","International health adviser",10,7,NA,NA,2,"IN"
"147","David Atherton  ",36,"Whitby","International health adviser",10,8,NA,NA,1,"IN"
"148","David Atherton  ",36,"Whitby","International health adviser",10,9,NA,NA,2,"IN"
"149","David Atherton  ",36,"Whitby","International health adviser",10,10,NA,NA,1,"WINNER"
"150","David Chambers  ",31,"Milton Keynes","Entrepreneur",1,1,"Chocolate Orange Cake","Black Forest Floor Gateauxwith Moulded Chocolate Leaves, Fallen Fruitand Chocolate Mushrooms Moulded from eggs",3,"IN"
"151","David Chambers  ",31,"Milton Keynes","Entrepreneur",1,2,"Cheddar Cheese and Fresh Rosemary Biscuits","Choux Pastry Swans  Chocolate Profiteroles",8,"IN"
"152","David Chambers  ",31,"Milton Keynes","Entrepreneur",1,3,"Chilli Bread","Walnut and Seed Roll
Red Berry and Almond Bun",4,"IN"
"153","David Chambers  ",31,"Milton Keynes","Entrepreneur",1,4,"Pear and Walnut Pudding","Apple and Blackberry Crumble, Rhubarb and Orange Betty, Suet Pear",5,"OUT"
"154","Deborah Manger  ",51,"Peterborough","Dentist",4,1,"Pineapple Cake","'Coffee Time'",9,"IN"
"155","Deborah Manger  ",51,"Peterborough","Dentist",4,2,"Fennel & Chilli Breadsticks","Walnut Fleur Loaf",8,"IN"
"156","Deborah Manger  ",51,"Peterborough","Dentist",4,3,"Tropical Trifle*","Canelé Cherry and Chocolate CakesRose Cookies",9,"OUT"
"157","Diana Beard  ",69,"Alkington, Shropshire","Women's Institute (WI) Judge",5,1,"Mum's Sunday Tea Lemon Curd Swiss Roll","Chocolate Ganache Surprises",5,"IN"
"158","Diana Beard  ",69,"Alkington, Shropshire","Women's Institute (WI) Judge",5,2,"Parmesan Triangles","Express, First Class",7,"IN"
"159","Diana Beard  ",69,"Alkington, Shropshire","Women's Institute (WI) Judge",5,3,"Rustic Picnic Rolls","Sharing Savoury Pinwheel",7,"IN"
"160","Diana Beard  ",69,"Alkington, Shropshire","Women's Institute (WI) Judge",5,4,"Orange and Lemon Curd Pots","Raspberry Ripple Alaska Swan",9,"IN"
"161","Dorret Conway  ",53,"Penwortham, Lancashire","Accountant",6,1,"Madeira Cake with Candied Lemons","Enchanted Forest Gâteau",5,"IN"
"162","Dorret Conway  ",53,"Penwortham, Lancashire","Accountant",6,2,"Almond and Apricot Biscotti with Amber Sugar Crystals","Box of Frogs",1,"IN"
"163","Dorret Conway  ",53,"Penwortham, Lancashire","Accountant",6,3,"Walnut and Stilton Soda Breads","Unmade Bread",6,"OUT"
"164","Edd Kimber  ",24,"Bradford","Debt collector for Yorkshire Bank",1,1,"Caramel Cinnamon and Banana Cake","N/A",1,"IN"
"165","Edd Kimber  ",24,"Bradford","Debt collector for Yorkshire Bank",1,2,"Oatmeal Raisin Cookie","Pink Macarons",6,"IN"
"166","Edd Kimber  ",24,"Bradford","Debt collector for Yorkshire Bank",1,3,"Olive Bread","Tomato and Mozzarella",1,"IN"
"167","Edd Kimber  ",24,"Bradford","Debt collector for Yorkshire Bank",1,4,"Apple and Plum Pudding","Apple and Cinnamon Crumble, Nutella Banana Brioche Bread Pudding, Rhubarb and Strawberry Suet Layer",3,"IN"
"168","Edd Kimber  ",24,"Bradford","Debt collector for Yorkshire Bank",1,5,"Chicken, Ham, Leek and Tarragon Pie","Almond Sweet Pastry with Ginger and Chocolate  Raspberry Tart / Yorkshire Curd Tart  Chickpea and Salami, Red and Yellow Pepper, Asparagus Gruyere Quiche Canapés",2,"IN"
"169","Edd Kimber  ",24,"Bradford","Debt collector for Yorkshire Bank",1,6,"Cinnamon and Banana Cake",NA,NA,"WINNER"
"170","Enwezor Nzegwu  ",39,"Portsmouth, Hampshire","Business Consultant",5,1,"Raspberry and Lemon Swiss Roll","Coffee and Walnut Battenberg Squares",9,"IN"
"171","Enwezor Nzegwu  ",39,"Portsmouth, Hampshire","Business Consultant",5,2,"Pumpkin and Sunflower Savoury Biscuits","Space Adventure Moon Scene",9,"OUT"
"172","Flo Atkins  ",71,"Merseyside","Retired",8,1,"Citrus Layer Cake","'One in a Melon' Cake",9,"IN"
"173","Flo Atkins  ",71,"Merseyside","Retired",8,2,"Gin Jam Butties","'Pick My Bones' Game",10,"IN"
"174","Flo Atkins  ",71,"Merseyside","Retired",8,3,"Cinnamon and Orange Teacakes","'Davy Jones' Locker' Bread Sculpture",7,"OUT"
"175","Flora Shedden  ",19,"Dunkeld, Perth and Kinross","Art gallery assistant",6,1,"Blood Orange Madeira Cake","Black Forest Gâteau",6,"IN"
"176","Flora Shedden  ",19,"Dunkeld, Perth and Kinross","Art gallery assistant",6,2,"Wedding Biscotti","Honey and Earl Grey Tea Box",2,"IN"
"177","Flora Shedden  ",19,"Dunkeld, Perth and Kinross","Art gallery assistant",6,3,"Fig and Hazelnut Rye Breads","Herb Couture",2,"IN"
"178","Flora Shedden  ",19,"Dunkeld, Perth and Kinross","Art gallery assistant",6,4,"Rhubarb and Ginger Crème Brûlées","Elderflower and Granola Cheesecakes",3,"IN"
"179","Flora Shedden  ",19,"Dunkeld, Perth and Kinross","Art gallery assistant",6,5,"Pistachio, Apple and Cardamom Madeleine Cake","Chocolate and Pear Bûche",3,"IN"
"180","Flora Shedden  ",19,"Dunkeld, Perth and Kinross","Art gallery assistant",6,6,"Apricot and Rosemary Frangipane Tart","Asparagus and Parma Ham and Praline and Chocolate Vol-au-vents",2,"IN"
"181","Flora Shedden  ",19,"Dunkeld, Perth and Kinross","Art gallery assistant",6,7,"Game Pie with Shallot and Apple Chutney","Raspberry, Pomegranate and Champagne Charlotte Russe",4,"IN"
"182","Flora Shedden  ",19,"Dunkeld, Perth and Kinross","Art gallery assistant",6,8,"Peach & Lemon Thyme and Smoked Almond & Butterscotch Cream Horns","Lime & Basil and Coconut & White Chocolate Religieuse à l'ancienne",3,"IN"
"183","Flora Shedden  ",19,"Dunkeld, Perth and Kinross","Art gallery assistant",6,9,"Passion Fruit and Chocolate Tart","Cocoa Carousel",1,"OUT"
"184","Frances Quinn  ",31,"Market Harborough, Leicestershire","Children's Clothes Designer",4,1,"Giant Jam Sandwich","Secret Squirrel Cake",7,"IN"
"185","Frances Quinn  ",31,"Market Harborough, Leicestershire","Children's Clothes Designer",4,2,"Giant Matchsticks","Sailor's Knot",2,"IN"
"186","Frances Quinn  ",31,"Market Harborough, Leicestershire","Children's Clothes Designer",4,3,"Apple and Blackberry Crumble Trifle","'Ballet Bites' Ginger NutcrackersSugar Plum Fairy Cakes",8,"IN"
"187","Frances Quinn  ",31,"Market Harborough, Leicestershire","Children's Clothes Designer",4,4,"Peach Pie In the Sky","Cherry Tree Baklava Filo Pie",1,"IN"
"188","Frances Quinn  ",31,"Market Harborough, Leicestershire","Children's Clothes Designer",4,5,"Millionaire Banoffee Bonus","Biscuit Buttons and Beads",3,"IN"
"189","Frances Quinn  ",31,"Market Harborough, Leicestershire","Children's Clothes Designer",4,6,"Chai Tea Loaf","Hot Cross BriochesRhubarb and Custard Kolaches",2,"IN"
"190","Frances Quinn  ",31,"Market Harborough, Leicestershire","Children's Clothes Designer",4,7,"Figgy Roll-y Poly Puddingwith Caramelised Walnut and Honey Ice-Cream","French Framboise Cream HornsSheet Music Mille-feuilleBass Clef Palmiers",5,"STAR BAKER"
"191","Frances Quinn  ",31,"Market Harborough, Leicestershire","Children's Clothes Designer",4,8,"'Chelsea Flour Show' Bun Bouquet","Hidden Carrot Cake (Ground Praline, Beetroot and Walnut)",3,"IN"
"192","Frances Quinn  ",31,"Market Harborough, Leicestershire","Children's Clothes Designer",4,9,"Legume Canapés:
Chantenay CarrotsChoux Pastry TomatoesCauliflower Cheese Scones","Great British Soap Opera Cake",2,"IN"
"193","Frances Quinn  ",31,"Market Harborough, Leicestershire","Children's Clothes Designer",4,10,"Rainbow Picnic Pie","Midsummer Night's Dream Wedding Cake",3,"WINNER"
"194","Glenn Cosby  ",37,"Teignmouth, Devon","English Teacher",4,1,"Strawberries and Cream Cake","Almond and Espresso Chocolate Cake",4,"IN"
"195","Glenn Cosby  ",37,"Teignmouth, Devon","English Teacher",4,2,"Rosemary and Parmesan Grissini","Harvest Crown",7,"IN"
"196","Glenn Cosby  ",37,"Teignmouth, Devon","English Teacher",4,3,"Raspberry and Almond Trifle","Billionaire BouchéesOrange Financiers",1,"IN"
"197","Glenn Cosby  ",37,"Teignmouth, Devon","English Teacher",4,4,"Apple & Maple Syrup Pie","Spanakopita (Walnut and Feta Cheese)",9,"IN"
"198","Glenn Cosby  ",37,"Teignmouth, Devon","English Teacher",4,5,"Apricot and Pistachio Tiffin","Shortbread and Macaron Helter-Skelter",2,"IN"
"199","Glenn Cosby  ",37,"Teignmouth, Devon","English Teacher",4,6,"Devonshire Panettone","Almond and Apricot BriochesSticky Caramel Kanelbullen",5,"IN"
"200","Glenn Cosby  ",37,"Teignmouth, Devon","English Teacher",4,7,"Prune and Armagnac Puddingwith Boozy Butterscotch Sauce","Caramelised Apple and Marzipan TartletsChocolate Elephant EarsPassion Fruit Mille-feuille",3,"OUT"
"201","Helena Garcia  ",40,"Leeds","Online project manager",10,1,NA,NA,12,"IN"
"202","Helena Garcia  ",40,"Leeds","Online project manager",10,2,NA,NA,12,"IN"
"203","Helena Garcia  ",40,"Leeds","Online project manager",10,3,NA,NA,8,"IN"
"204","Helena Garcia  ",40,"Leeds","Online project manager",10,4,NA,NA,9,"IN"
"205","Helena Garcia  ",40,"Leeds","Online project manager",10,5,NA,NA,1,"OUT"
"206","Henry Bird  ",20,"Durham","Student",10,1,NA,NA,1,"IN"
"207","Henry Bird  ",20,"Durham","Student",10,2,NA,NA,6,"IN"
"208","Henry Bird  ",20,"Durham","Student",10,3,NA,NA,1,"IN"
"209","Henry Bird  ",20,"Durham","Student",10,4,NA,NA,3,"IN"
"210","Henry Bird  ",20,"Durham","Student",10,5,NA,NA,3,"IN"
"211","Henry Bird  ",20,"Durham","Student",10,6,NA,NA,4,"IN"
"212","Henry Bird  ",20,"Durham","Student",10,7,NA,NA,3,"STAR BAKER"
"213","Henry Bird  ",20,"Durham","Student",10,8,NA,NA,5,"OUT"
"214","Holly Bell  ",31,"Leicester","Advertising executive",2,1,"Cherry Bakewell Inspired CupcakesGinger Cupcakes with Fig Truffle","UNKNOWN",1,"STAR BAKER"
"215","Holly Bell  ",31,"Leicester","Advertising executive",2,2,"Pesto Quiche","Milk Chocolate and Pistachio TartsTrifle Tarts",4,"IN"
"216","Holly Bell  ",31,"Leicester","Advertising executive",2,3,"Picnic Loaf","Stilton and Walnut Rolls",6,"IN"
"217","Holly Bell  ",31,"Leicester","Advertising executive",2,4,"Strawberry and Custard Melts","'Chocolate bars of my youth'
(Caramel Macarons, Mint Chocolate Macarons and Chocolate Orange Macarons)",3,"STAR BAKER"
"218","Holly Bell  ",31,"Leicester","Advertising executive",2,5,"Stilton, Potato and Caramelised Onion Pie","Lime Meringue Pie",4,"IN"
"219","Holly Bell  ",31,"Leicester","Advertising executive",2,6,"Father Christmas' Baked Cheesecake","Hansel and Gretel's Croquembouche",3,"IN"
"220","Holly Bell  ",31,"Leicester","Advertising executive",2,7,"White Chocolate, Hazelnut and Raspberry Genoise Mousse Cake","Apricot, Macadamia and White Chocolate PinwheelsAlmond CroissantsApple, Raisin and Cinnamon Plaits",1,"IN"
"221","Holly Bell  ",31,"Leicester","Advertising executive",2,8,"Banoffee Inspired Mille Feuille","Strawberry and Cream Meringue NestGooseberry and Elderflower 'Bakewell' TartsNeapolitan Ice-Cream Sandwich",2,"Runner-up"
"222","Howard Middleton  ",51,"Sheffield","Council Worker",4,1,"Passion Fruit and Coconut Cake","Black Forest Revisited",6,"IN"
"223","Howard Middleton  ",51,"Sheffield","Council Worker",4,2,"Moroccan Breadsticks","Picasso Sun Bread",10,"IN"
"224","Howard Middleton  ",51,"Sheffield","Council Worker",4,3,"Caramel and Apple Trifle*","Black Coffee and Cardamom CakesWhite Stilton and Pear Biscuits",7,"IN"
"225","Howard Middleton  ",51,"Sheffield","Council Worker",4,4,"Apple Pie with Sage Pastry","Fresh Fig and Feta Filo Flan",5,"IN"
"226","Howard Middleton  ",51,"Sheffield","Council Worker",4,5,"Breakfast Traybake","Japanese Pagoda Tea Tower",8,"IN"
"227","Howard Middleton  ",51,"Sheffield","Council Worker",4,6,"Date & Hemp Yorkshire Loaf","Peachy BunsGerman Baumschnecken",7,"OUT"
"228","Iain Watters  ",31,"London/Belfast","Construction Engineer",5,1,"Apricot and Basil Swiss Roll with Mascarpone and White Chocolate Cream","Lemon Drizzle Cakes with Mascarpone Filling, Drizzled Icing, and Candied Lemon",4,"IN"
"229","Iain Watters  ",31,"London/Belfast","Construction Engineer",5,2,"Za'atar and Fig Biscuits","Wild West Scene",11,"IN"
"230","Iain Watters  ",31,"London/Belfast","Construction Engineer",5,3,"Cranberry and Walnut Rye Bread Rolls","Moroccan Plaited with a Bessara Dip",9,"IN"
"231","Iain Watters  ",31,"London/Belfast","Construction Engineer",5,4,"Chocolate, Lime and Raspberry Fondants","Chocolate, Black Sesame Seed and Coffee Caramel Baked Alaska (not presented)",6,"OUT"
"232","Ian Cumming  ",41,"Great Wilbraham, Cambridgeshire","Travel photographer",6,1,"Somewhere West of Madeira Cake","Black Forest Cherry Tree",8,"IN"
"233","Ian Cumming  ",41,"Great Wilbraham, Cambridgeshire","Travel photographer",6,2,"Orange, Rosemary and Almond Biscotti","Sandwich de la Confiture",3,"STAR BAKER"
"234","Ian Cumming  ",41,"Great Wilbraham, Cambridgeshire","Travel photographer",6,3,"Wild Garlic Pesto Soda Breads","Flour Power",1,"STAR BAKER"
"235","Ian Cumming  ",41,"Great Wilbraham, Cambridgeshire","Travel photographer",6,4,"Pomegranate Two Ways Crème Brûlées","Trio of Spicy and Herby Baked Cheesecakes",4,"STAR BAKER"
"236","Ian Cumming  ",41,"Great Wilbraham, Cambridgeshire","Travel photographer",6,5,"Honey and Flowers Cake","Dessert Island",5,"IN"
"237","Ian Cumming  ",41,"Great Wilbraham, Cambridgeshire","Travel photographer",6,6,"Pear and Raspberry Frangipane Tart","vol-au-vents Terre et Mer",3,"IN"
"238","Ian Cumming  ",41,"Great Wilbraham, Cambridgeshire","Travel photographer",6,7,"Roadkill Pie","Victoria's Crown Charlotte Russe",5,"IN"
"239","Ian Cumming  ",41,"Great Wilbraham, Cambridgeshire","Travel photographer",6,8,"Mont Blanc & Black Forest Gâteau Horns","Nun with Hidden Passions",2,"IN"
"240","Ian Cumming  ",41,"Great Wilbraham, Cambridgeshire","Travel photographer",6,9,"Chocolate and Bay Tart","Chocolate Well",3,"IN"
"241","Ian Cumming  ",41,"Great Wilbraham, Cambridgeshire","Travel photographer",6,10,"Elderflower and Lemon & Spiced Buns","Colossal Curvy Carrot Cake",2,"Runner-up"
"242","Ian Vallance  ",40,"Dunstable, Bedfordshire","Fundraiser for English Heritage",2,1,"Apple and Cinnamon Cupcakes","UNKNOWN",10,"IN"
"243","Ian Vallance  ",40,"Dunstable, Bedfordshire","Fundraiser for English Heritage",2,2,"Stilton, Spinach and New Potato Quichewith Paprika and Walnut Pastry","UNKNOWN",2,"IN"
"244","Ian Vallance  ",40,"Dunstable, Bedfordshire","Fundraiser for English Heritage",2,3,"Courgette, Caerphilly Cheese and Thyme Loaf","Walnut and Raisin RollsCracked Wheat Logs",10,"OUT"
"245","Imelda McCarron  ",33,"County Tyrone","Countryside recreation officer",9,1,NA,NA,11,"OUT"
"246","James Hillery  ",46,"Brentwood, Essex","Banker",8,1,"Orange, Rhubarb & Ginger Crumble Cake","'Mock-accino and Croissant' Cake",2,"IN"
"247","James Hillery  ",46,"Brentwood, Essex","Banker",8,2,"Rhubarb and Custard Whirls","'Coppit' Game",3,"IN"
"248","James Hillery  ",46,"Brentwood, Essex","Banker",8,3,"Nordic Teacakes","'Owl in the Woods' Bread Sculpture",9,"IN"
"249","James Hillery  ",46,"Brentwood, Essex","Banker",8,4,"'Windy City' Millionaire Shortbreads","Nutty Caramel Cake",2,"IN"
"250","James Hillery  ",46,"Brentwood, Essex","Banker",8,5,"Orange and Ginger Steamed School Pudding","'The Missed Silver Jubilee' Trifle Terrine",7,"OUT"
"251","James Morton  ",21,"Hillswick, Shetland Islands","Medical student",3,1,"Parsnip, Pear, and Pecan","""Simmer Dim"" Sunset Cake",2,"IN"
"252","James Morton  ",21,"Hillswick, Shetland Islands","Medical student",3,2,"Tomato, Garlic, and Parmesan FlatbreadsTattie Scones","Orange, Mint and Chocolate Bagels
'Millers' Sourdough Bagels",2,"IN"
"253","James Morton  ",21,"Hillswick, Shetland Islands","Medical student",3,3,"Apple and Lavender Tarte Tatin","Rose, Lychee and Raspberry Fruit Tart",1,"STAR BAKER"
"254","James Morton  ",21,"Hillswick, Shetland Islands","Medical student",3,4,"Hazelnut, Chocolate and Passionfruit Torte","Fig, Chestnut, Cherry and Chocolate Layered Meringue",5,"IN"
"255","James Morton  ",21,"Hillswick, Shetland Islands","Medical student",3,5,"Four Pig Wellington","Sweet Potato Pie",6,"IN"
"256","James Morton  ",21,"Hillswick, Shetland Islands","Medical student",3,6,"Banana and Clove PuddingsClootie Dumplings","Strawberry, Rhubarb and Ginger Strudel",7,"IN"
"257","James Morton  ",21,"Hillswick, Shetland Islands","Medical student",3,7,"Easter Chelsea Buns","Whisky Kugelhopf-Brioche Baba",1,"IN"
"258","James Morton  ",21,"Hillswick, Shetland Islands","Medical student",3,8,"Smoky Cayenne, Cumin and Chilli Crackers","Gingerbread Barn",1,"STAR BAKER"
"259","James Morton  ",21,"Hillswick, Shetland Islands","Medical student",3,9,"Lemon and Rhubarb TartletsChocolate Indulgence Petits FoursChilli, Lime and Raspberry Macaroons","Coffee, Caramel and Hazelnut Paris-Brest",1,"STAR BAKER"
"260","James Morton  ",21,"Hillswick, Shetland Islands","Medical student",3,10,"Spanish Pithivier with Chorizo and Red Pepper","United Chiffon Cakes",1,"Runner-up"
"261","Jamie Finn  ",20,"Surrey","Part-time waiter",10,1,NA,NA,13,"IN"
"262","Jamie Finn  ",20,"Surrey","Part-time waiter",10,2,NA,NA,11,"OUT"
"263","Jane Beedle  ",61,"Beckenham","Garden designer",7,1,"Lemon and Poppy Seed Drizzle Cake","Chocolate Orange Mirror Cake",7,"STAR BAKER"
"264","Jane Beedle  ",61,"Beckenham","Garden designer",7,2,"Flower Pot Iced Biscuits","Hastings Old Town Fishing Net Shops and Boat",2,"IN"
"265","Jane Beedle  ",61,"Beckenham","Garden designer",7,3,"Chocolate and Cranberry Couronne","Chorizo and Chilli Flower with Parmesan and Pesto Centre",9,"IN"
"266","Jane Beedle  ",61,"Beckenham","Garden designer",7,4,"Meat and Two Veg Yorkshires","Pistachio and White Chocolate Churros",3,"IN"
"267","Jane Beedle  ",61,"Beckenham","Garden designer",7,5,"Orange Pain au Raisins, Raspberry, Chocolate and Almond Danish","Roquefort, Fig and Walnut Parcels and Cherry and Chocolate Cones",1,"IN"
"268","Jane Beedle  ",61,"Beckenham","Garden designer",7,6,"Lime and Coconut Meringue Pie","Three Tier Orange Cake with a Floral Chocolate Collar",4,"IN"
"269","Jane Beedle  ",61,"Beckenham","Garden designer",7,7,"Chocolate and Hazelnut Roulade","Chocolate, Coffee, and Vanilla Joconde Cakes and Blackcurrant and Vanilla Ombre Mousses",4,"IN"
"270","Jane Beedle  ",61,"Beckenham","Garden designer",7,8,"Tudor Rose Pies","Swans",5,"IN"
"271","Jane Beedle  ",61,"Beckenham","Garden designer",7,9,"Pesto and Sundried Tomato Palmiers and Goats Cheese, Olive and Parma Ham Palmiers","Pistachio and Raspberry Fondant Fancies and Lemon Curd Surprise Fondant Fancies",1,"IN"
"272","Jane Beedle  ",61,"Beckenham","Garden designer",7,10,"Red, White and Blue Meringue Crown","Family Favourites Feast",3,"Runner-up"
"273","Janet Basu  ",63,"Formby, Liverpool","Teacher of Modern Languages",2,1,"Raspberry and Cream Cupcakes","Chocolate Marble Cakewith Dark and White Chocolate Truffles",8,"IN"
"274","Janet Basu  ",63,"Formby, Liverpool","Teacher of Modern Languages",2,2,"Quiche Printanière","Red Fruit TartsChocolate and Cherry Tarts",8,"IN"
"275","Janet Basu  ",63,"Formby, Liverpool","Teacher of Modern Languages",2,3,"Zupfe Loaf with Gruyère Cheese","Apple and Walnut Granary Rolls Red Onion Cottage Rolls",8,"IN"
"276","Janet Basu  ",63,"Formby, Liverpool","Teacher of Modern Languages",2,4,"Christmas Marzipan Biscuits","Raspberry Macarons
Blackcurrant Macarons
Almond Macarons",4,"IN"
"277","Janet Basu  ",63,"Formby, Liverpool","Teacher of Modern Languages",2,5,"Chicken and Chestnut Pie","Rhubarb Meringue Pie",1,"STAR BAKER"
"278","Janet Basu  ",63,"Formby, Liverpool","Teacher of Modern Languages",2,6,"Rhubarb and Ginger Baked Cheesecake","Orange and Nougatine Croquembouche",5,"IN"
"279","Janet Basu  ",63,"Formby, Liverpool","Teacher of Modern Languages",2,7,"Chocolate Amaretto Mousse Cake","Pain Aux RaisinPlain CroissantPain Au Chocolat",4,"OUT"
"280","Jasminder Randhawa  ",45,"Birmingham","Assistant Credit Control Manager",1,1,"Fresh Mango and Passion Fruit Hummingbird Cake","N/A",NA,"IN"
"281","Jasminder Randhawa  ",45,"Birmingham","Assistant Credit Control Manager",1,2,"Millionaires' Shortbread","Meringues with Chocolate and Space DustCoffee flavoured Eclairs",2,"IN"
"282","Jasminder Randhawa  ",45,"Birmingham","Assistant Credit Control Manager",1,3,"Focaccia","Mango and Sultana Buns
Pan au Chocolat with Mars Bars
Tutti Frutti Wheel with Jelly Tots",5,"IN"
"283","Jasminder Randhawa  ",45,"Birmingham","Assistant Credit Control Manager",1,4,"Sticky Toffee Pudding with Tropical Fruit & Toffee Sauce","Bread & Butter Pudding, Treacle Suet Pudding with Fresh Fruit, Apple and Pineapple Crumble",2,"IN"
"284","Jasminder Randhawa  ",45,"Birmingham","Assistant Credit Control Manager",1,5,"Chicken and Mushroom Pie","Jaggery, Carrot, and Spiced Condensed Milk Tart  Fruit and Custard Tart  Thai Chili Red Onion, Duck in Plum Sauce, Salmon and Prawn Canapés",4,"OUT"
"285","Jason White  ",19,"Croydon","Civil Engineering Student",2,1,"Lemon Meringue CupcakesApple and Cinnamon Cupcakes","UNKNOWN",6,"IN"
"286","Jason White  ",19,"Croydon","Civil Engineering Student",2,2,"Salmon and Pak Choi Quiche","Mint Chocolate Tarts Blueberry Bakewell Tarts",3,"STAR BAKER"
"287","Jason White  ",19,"Croydon","Civil Engineering Student",2,3,"Cheese and Onion Tear and Share Loaf","UNKNOWN",7,"IN"
"288","Jason White  ",19,"Croydon","Civil Engineering Student",2,4,"Lebkuchen","Mocktail Macarons
(Mojito, Cranberry Cooler, and Pina Colada)",1,"STAR BAKER"
"289","Jason White  ",19,"Croydon","Civil Engineering Student",2,5,"Brown Down Chicken Pie","Plum Meringue Pie",7,"OUT"
"290","Jo Wheatley  ",41,"Ongar, Essex","Housewife",2,1,"Chocolate Orange CupcakesOrange and Cardamom Cupcakes","Chocolate and Strawberry Cake",11,"IN"
"291","Jo Wheatley  ",41,"Ongar, Essex","Housewife",2,2,"Caramelised Onion, Gruyere and Thyme Quiche","Raspberry and Mascarpone Tarts with Lemon and Almond PastryHoney and Almond Tarts with Sweetcrust",10,"IN"
"292","Jo Wheatley  ",41,"Ongar, Essex","Housewife",2,3,"Stromboli flavored with Mozzarella, Ham, and Picante Pepper","Unknown",1,"IN"
"293","Jo Wheatley  ",41,"Ongar, Essex","Housewife",2,4,"Lavender Biscuits","Blueberry MacaronsCoconut MacaronsStrawberry Macarons",8,"IN"
"294","Jo Wheatley  ",41,"Ongar, Essex","Housewife",2,5,"Salmon and Asparagus Pie","Apple and Raspberry Meringue Pie",6,"IN"
"295","Jo Wheatley  ",41,"Ongar, Essex","Housewife",2,6,"Rum and Raisin Baked Cheesecake","Limoncello and White Chocolate Croquembouche",1,"STAR BAKER"
"296","Jo Wheatley  ",41,"Ongar, Essex","Housewife",2,7,"Raspberry & Strawberry Mousse Cake","Pain Aux RaisinChocolate TwistsBanana and Raisin Pastries",3,"IN"
"297","Jo Wheatley  ",41,"Ongar, Essex","Housewife",2,8,"Raspberry and Blueberry Mille Feuille","Mini Victoria SandwichesRaspberry, White Chocolate and Pistachio Mini MeringuesMini Banoffee Pie with Banana Mousse",1,"WINNER"
"298","John Whaite  ",22,"Wigan","Law student",3,1,"Toffee Apple, Orange & Cranberry","Hidden Pink Hearts Cake",11,"IN"
"299","John Whaite  ",22,"Wigan","Law student",3,2,"Coriander and Chilli RotisGarlic, Pomegranate and Potato Pitas","Fig, Walnut and Gruyere Bagels
Blueberry and White Chocolate Bagels",1,"STAR BAKER"
"300","John Whaite  ",22,"Wigan","Law student",3,3,"Apple and Vanilla Tarte Tatin with Walnut Praline","Berries, Grapes, Pomegranate, and Dragon Fruit Tart",6,"IN"
"301","John Whaite  ",22,"Wigan","Law student",3,4,"'Torte Noir' Black Forest Torte with Boozy Cream","Elderflower and Bramble Berry Pavlova",6,"IN"
"302","John Whaite  ",22,"Wigan","Law student",3,5,"Venison and Haggis Wellington","Star-Spangled Pecan Pie",2,"IN"
"303","John Whaite  ",22,"Wigan","Law student",3,6,"Spicy Toffee PuddingsRaspberry and White Chocolate Puddings","Did not complete due to injury",5,"IN"
"304","John Whaite  ",22,"Wigan","Law student",3,7,"Cherry and Almond Saffron Buns","Marzipan Stollen",3,"IN"
"305","John Whaite  ",22,"Wigan","Law student",3,8,"Asian Spice Crackers","Gingerbread Roman Coliseum",3,"IN"
"306","John Whaite  ",22,"Wigan","Law student",3,9,"Lemon MadeleinesWhite Chocolate and Raspberry TartletsDark Chocolate and Cherry Macaroons","Gateau St. Honoré a la Passion",2,"IN"
"307","John Whaite  ",22,"Wigan","Law student",3,10,"Italian Sausage and Roasted Vegetable Pithivier","Heaven and Hell Chiffon Cake",2,"WINNER"
"308","Jon Jenkins  ",47,"Newport","Blood courier",9,1,NA,NA,5,"IN"
"309","Jon Jenkins  ",47,"Newport","Blood courier",9,2,NA,NA,1,"IN"
"310","Jon Jenkins  ",47,"Newport","Blood courier",9,3,NA,NA,2,"IN"
"311","Jon Jenkins  ",47,"Newport","Blood courier",9,4,NA,NA,3,"IN"
"312","Jon Jenkins  ",47,"Newport","Blood courier",9,5,NA,NA,7,"IN"
"313","Jon Jenkins  ",47,"Newport","Blood courier",9,6,NA,NA,2,"IN"
"314","Jon Jenkins  ",47,"Newport","Blood courier",9,7,NA,NA,4,"OUT"
"315","Jonathan Shepherd  ",25,"St Albans","Research Analyst",1,1,"Carrot Cake with Lime and Cream Cheese Icing","Three Tiered White and Dark Chocolate with Almond and Cherry",9,"IN"
"316","Jonathan Shepherd  ",25,"St Albans","Research Analyst",1,2,"Honey and Candied Ginger Cookies","Meringues with Whiskey Cream",1,"IN"
"317","Jonathan Shepherd  ",25,"St Albans","Research Analyst",1,3,"Anchovy, Sweet Paprika and Oregano Bread","Sticky Lemon Honey Bun
Olive and Anchovy Roll
Sundried Tomatoes and Fresh Herbs Roll
Stilton, Walnut and Apple Roll
Cinnamon and Cardamom Chelsea Bun",6,"OUT"
"318","Jordan Cox  ",32,"Sneinton, Nottingham","IT Manager",5,1,"Kawaii Frasier Swiss Roll","Lemon Drizzle Cakes with Blueberry and Lemon Curd",12,"IN"
"319","Jordan Cox  ",32,"Sneinton, Nottingham","IT Manager",5,2,"Sourdough, Parmesan and Chilli Biscuits","Monster Attack",6,"IN"
"320","Jordan Cox  ",32,"Sneinton, Nottingham","IT Manager",5,3,"Rye and Spelt Bread Rolls","Strawberry Raspberry Cheesecake Brioche",10,"OUT"
"321","Julia Chernogorova  ",21,"Crawley, West Sussex","Aviation Broker",8,1,"Courgette and Lemon Cake","'Russian Doll' Cake",3,"IN"
"322","Julia Chernogorova  ",21,"Crawley, West Sussex","Aviation Broker",8,2,"Middle Eastern Delight Sandwich Biscuits","'A British Baking' Game",4,"IN"
"323","Julia Chernogorova  ",21,"Crawley, West Sussex","Aviation Broker",8,3,"Earl Grey Dried Fruit Teacakes","'The Snail Under a Mushroom' Bread Sculpture",2,"STAR BAKER"
"324","Julia Chernogorova  ",21,"Crawley, West Sussex","Aviation Broker",8,4,"Pecan Salted Caramel Millionaire Shortbreads","Poppy Seed Caramel Cake",9,"IN"
"325","Julia Chernogorova  ",21,"Crawley, West Sussex","Aviation Broker",8,5,"Orange & Treacle Steamed School Pudding","'Opulent Ornament' Trifle Terrine",3,"IN"
"326","Julia Chernogorova  ",21,"Crawley, West Sussex","Aviation Broker",8,6,"'Pies from the Tree' Decorative Pies","'Special Occasion' Pie",7,"OUT"
"327","Karen Wright  ",60,"Wakefield","In-store sampling assistant",9,1,NA,NA,6,"IN"
"328","Karen Wright  ",60,"Wakefield","In-store sampling assistant",9,2,NA,NA,11,"IN"
"329","Karen Wright  ",60,"Wakefield","In-store sampling assistant",9,3,NA,NA,5,"IN"
"330","Karen Wright  ",60,"Wakefield","In-store sampling assistant",9,4,NA,NA,7,"IN"
"331","Karen Wright  ",60,"Wakefield","In-store sampling assistant",9,5,NA,NA,9,"OUT"
"332","Kate Barmby  ",37,"Brooke, Norfolk","Nurse",7,1,"Berry Best Apple and Bramble Drizzle Cake","One Swallow Does Not Make A Summer Cake",4,"IN"
"333","Kate Barmby  ",37,"Brooke, Norfolk","Nurse",7,2,"""A Biscuit for the Broads""","""I Promise I will do my best""",1,"IN"
"334","Kate Barmby  ",37,"Brooke, Norfolk","Nurse",7,3,"Cobbled Loaf","The Corn Maiden",8,"IN"
"335","Kate Barmby  ",37,"Brooke, Norfolk","Nurse",7,4,"Christmas Dinner Compromise","Hot Cross Bunny Churros",7,"OUT"
"336","Kate Henry  ",41,"Brighton, East Sussex","Furniture Restorer",5,1,"Red Velvet and White Chocolate Swiss Roll","Mini Tiered Victoria Sponges",6,"IN"
"337","Kate Henry  ",41,"Brighton, East Sussex","Furniture Restorer",5,2,"Parmesan and Apple Biscuits","Tea Time",4,"IN"
"338","Kate Henry  ",41,"Brighton, East Sussex","Furniture Restorer",5,3,"Orange and Cardamom Rye Bread Knots","Prosciutto, Olive and Coriander Bread",1,"IN"
"339","Kate Henry  ",41,"Brighton, East Sussex","Furniture Restorer",5,4,"Chocolate and Salted Caramel Molten Puddings","Pistachio, Raspberry and Chocolate Baked Alaska",7,"IN"
"340","Kate Henry  ",41,"Brighton, East Sussex","Furniture Restorer",5,5,"Rhubarb and Custard Tart","Rhubarb, Prune and Apple Pies",3,"STAR BAKER"
"341","Kate Henry  ",41,"Brighton, East Sussex","Furniture Restorer",5,6,"Pecan, Chocolate and Sour Cherry Yeast Cake","Trio of Dobos Tortes",6,"IN"
"342","Kate Henry  ",41,"Brighton, East Sussex","Furniture Restorer",5,7,"Spinach and Paneer Spicy Samosa","Neapolitan & Lemon Meringue Éclairs",4,"OUT"
"343","Kate Lyon  ",29,"Merseyside","Health and safety inspector",8,1,"Moroccan Strawberry and Rose Cake","'Chocolate Terrarium' Cake",1,"IN"
"344","Kate Lyon  ",29,"Merseyside","Health and safety inspector",8,2,"Coconut Seashells for a Titanic Afternoon Tea","'Jungle' Game",8,"IN"
"345","Kate Lyon  ",29,"Merseyside","Health and safety inspector",8,3,"Blueberry Buns","'Kraken' Bread Sculpture",10,"IN"
"346","Kate Lyon  ",29,"Merseyside","Health and safety inspector",8,4,"Salted Bay Caramel Millionaire Shortbreads","Sticky Toffee Apple Caramel Cake",6,"STAR BAKER"
"347","Kate Lyon  ",29,"Merseyside","Health and safety inspector",8,5,"'Mr Darcy's Steamy Lake Scene' Steamed School Pudding","'My Great Great Nan's' Raspberry Trifle Terrine",8,"IN"
"348","Kate Lyon  ",29,"Merseyside","Health and safety inspector",8,6,"'Vegetarian Pie Faces' Decorative Pies","Potato Curry Pie with Mango & Chilli Glaze",5,"IN"
"349","Kate Lyon  ",29,"Merseyside","Health and safety inspector",8,7,"'Happy Hour' Cocktail Cannoli","'Flavour Fusion' Sfogliatelle",6,"IN"
"350","Kate Lyon  ",29,"Merseyside","Health and safety inspector",8,8,"Burrito Bedfordshire Clangers","'Liver Building Turret' Savoy Cake",2,"IN"
"351","Kate Lyon  ",29,"Merseyside","Health and safety inspector",8,9,"Bellini and Valencian Orange Choux Buns","'Rainbow' Meringue Centrepiece",4,"IN"
"352","Kate Lyon  ",29,"Merseyside","Health and safety inspector",8,10,"Roman Spelt, Coconut Kala Chana and Flower Breads","White Chocolate, Yuzu and Lychee Entremet",3,"Runner-up"
"353","Keith Batsford  ",31,"Arlesey, Bedfordshire","House husband",2,1,"Earl Grey Cupcakes","Chocolate and Sour Cream Cake",12,"OUT"
"354","Kim-Joy Hewlett  ",27,"Leeds","Mental health specialist",9,1,NA,NA,10,"IN"
"355","Kim-Joy Hewlett  ",27,"Leeds","Mental health specialist",9,2,NA,NA,4,"IN"
"356","Kim-Joy Hewlett  ",27,"Leeds","Mental health specialist",9,3,NA,NA,10,"IN"
"357","Kim-Joy Hewlett  ",27,"Leeds","Mental health specialist",9,4,NA,NA,6,"IN"
"358","Kim-Joy Hewlett  ",27,"Leeds","Mental health specialist",9,5,NA,NA,4,"STAR BAKER"
"359","Kim-Joy Hewlett  ",27,"Leeds","Mental health specialist",9,6,NA,NA,5,"IN"
"360","Kim-Joy Hewlett  ",27,"Leeds","Mental health specialist",9,7,NA,NA,6,"STAR BAKER"
"361","Kim-Joy Hewlett  ",27,"Leeds","Mental health specialist",9,8,NA,NA,2,"IN"
"362","Kim-Joy Hewlett  ",27,"Leeds","Mental health specialist",9,9,NA,NA,2,"IN"
"363","Kim-Joy Hewlett  ",27,"Leeds","Mental health specialist",9,10,NA,NA,1,"Runner-up"
"364","Kimberley Wilson  ",30,"London","Psychologist",4,1,"Blood Orange Cake","Chocolate, Raspberry & Basil Layer Cake",10,"IN"
"365","Kimberley Wilson  ",30,"London","Psychologist",4,2,"Nigella Seed and Parmesan Breadsticks","Peace Bread",1,"IN"
"366","Kimberley Wilson  ",30,"London","Psychologist",4,3,"Peach, Almond and Ginger Trifle","Chocolate Pistachio FinanciersLemon Bergamot Biscuits",6,"IN"
"367","Kimberley Wilson  ",30,"London","Psychologist",4,4,"Pecan and Rosemary Caramel Apple Pie","Chicken, Bacon and Butternut Squash Pie",4,"STAR BAKER"
"368","Kimberley Wilson  ",30,"London","Psychologist",4,5,"Cherry and Almond Bakewell Florentine Slice","Black and White Viennese Biscuit Stack",7,"IN"
"369","Kimberley Wilson  ",30,"London","Psychologist",4,6,"Chai Spiced Ginger and Date Tea Loaf","Double Chocolate and Hazelnut BriochesDanish Kanelsnurrer",3,"IN"
"370","Kimberley Wilson  ",30,"London","Psychologist",4,7,"Barberry and Apple Spotted Dickwith Maple Syrup and White Chocolate Custard","Pear, Malt and Butterscotch Mille-feuilleBlackberry and Lemon Verbena Crème Brûle Custard TartsFig, Orange and Thyme Galette",4,"IN"
"371","Kimberley Wilson  ",30,"London","Psychologist",4,8,"Wild Garlic Pesto and Parma Ham Spelt Loaf","Butternut Squash and Spice Cake Toadstool House",2,"IN"
"372","Kimberley Wilson  ",30,"London","Psychologist",4,9,"Pea Purée TartsCrab and Wasabi ProfiterolesSteamed Buns with Barbecue Chicken","Passion Fruit and Lime Opera Cake",1,"STAR BAKER"
"373","Kimberley Wilson  ",30,"London","Psychologist",4,10,"Chicken and Pig Pie","Languages of Love Wedding Cake",1,"Runner-up"
"374","Lea Harris  ",51,"Midlothian, Scotland","Retired",1,1,"Cranberry and Pistachio Cakewith Orange Flower Water Icing","Raspberries and Cream filled Chocolatewith Chocolate-dipped Fresh Fruit",10,"OUT"
"375","Lee Banfield  ",67,"Bolton","Pastor",7,1,"St. Clements Orange and Lemon Drizzle Cake","Strawberry Surprise Mirror Cake",11,"OUT"
"376","Liam Charles  ",19,"North London","Student",8,1,"Apple and Almond Crumble Maple Loaf","'Stackin' Sunday' Cake",8,"IN"
"377","Liam Charles  ",19,"North London","Student",8,2,"Coffee Malted Pecan Shorties","'Classroom Classics' Game",7,"IN"
"378","Liam Charles  ",19,"North London","Student",8,3,"Jamaican Spiced Teacakes","'Kneadapolitan' Bread Sculpture",5,"IN"
"379","Liam Charles  ",19,"North London","Student",8,4,"Salted Peanut Butter Millionaire Shortbreads","White Layered Ginger Caramel Cake",3,"IN"
"380","Liam Charles  ",19,"North London","Student",8,5,"Cherries & Lemons that are 'Baked Well'","'Cheers Lads' Trifle Terrine",2,"IN"
"381","Liam Charles  ",19,"North London","Student",8,6,"'Standard FC' Decorative Pies","'Nan's Sunday Dinner' Pie",4,"STAR BAKER"
"382","Liam Charles  ",19,"North London","Student",8,7,"'Just Doing Me' Cannoli","'Morning Delivery' Sfogliatelle",2,"IN"
"383","Liam Charles  ",19,"North London","Student",8,8,"'Take Out' Bedfordshire Clangers","'Fort Wizardore' Savoy Cake",5,"OUT"
"384","Louise Brimelow  ",44,"Manchester","Police Officer",1,1,"Carrot and Orange Cake","Never Fail Chocolate Sponge Cake,with Fresh Fruit, White & Chocolate Cigarello Border",NA,"IN"
"385","Louise Brimelow  ",44,"Manchester","Police Officer",1,2,"Stained Glass Window Shortbread","Strawberry, Mint, and Cream Meringues  Chocolate Eclairs / Orange, Yellow and Pink Macarons",4,"OUT"
"386","Louise Williams  ",46,"Cardiff","Hairdresser",7,1,"Orange Liqueur and Lemonade Drizzle Cake","White Chocolate Trifle Mirror Glaze Cake",9,"IN"
"387","Louise Williams  ",46,"Cardiff","Hairdresser",7,2,"Baa Bara Brith Biscuits","Gingerbread Wedding",10,"OUT"
"388","Lucy Bellamy  ",38,"Grimsby, Lincolnshire","Horticulturist",4,1,"Timperley Early Cake","Thyme 'Wildwood' Cake",2,"IN"
"389","Lucy Bellamy  ",38,"Grimsby, Lincolnshire","Horticulturist",4,2,"Grissini with Salt","Roast Tomato Bread",12,"OUT"
"390","Luis Troyano  ",42,"Poynton, Cheshire","Graphic Designer",5,1,"Spanish Swiss Roll","Raspberry and Lemon Genoise Slices with Lemon Drizzles",7,"IN"
"391","Luis Troyano  ",42,"Poynton, Cheshire","Graphic Designer",5,2,"Black Olive and Rosemary Biscuits with Caramelised Onion Glaze","George Versus The Dragon",3,"IN"
"392","Luis Troyano  ",42,"Poynton, Cheshire","Graphic Designer",5,3,"Opposites Attract Rolls","Roscón de Reyes",2,"STAR BAKER"
"393","Luis Troyano  ",42,"Poynton, Cheshire","Graphic Designer",5,4,"Pears in Puddings","Bakewell Alaska",2,"IN"
"394","Luis Troyano  ",42,"Poynton, Cheshire","Graphic Designer",5,5,"Tropical Manchester Tart","Four Fruity Seasons Tower",6,"IN"
"395","Luis Troyano  ",42,"Poynton, Cheshire","Graphic Designer",5,6,"Apple and Cinnamon Kugelhopf with Honeyed Apples","The Cage on the Rocky Hill",3,"IN"
"396","Luis Troyano  ",42,"Poynton, Cheshire","Graphic Designer",5,7,"Childhood Empanadas","Stars and Stripes Éclairs
(Blueberry Cheesecake & Peanut Butter and Jelly Éclairs)",5,"IN"
"397","Luis Troyano  ",42,"Poynton, Cheshire","Graphic Designer",5,8,"Black Forest Cherry Tree","Cocktail Doughnuts
(Mudslide & Raspberry Mojito)",2,"IN"
"398","Luis Troyano  ",42,"Poynton, Cheshire","Graphic Designer",5,9,"Indian Rose BaklavaHalwa Baklava Rolls","Chocolate Mousse & Cherry EntremetsPomegranate, Fig & Pistachio Sponges",1,"IN"
"399","Luis Troyano  ",42,"Poynton, Cheshire","Graphic Designer",5,10,"Apple, Walnut, Raisin and Cheshire Cheese ChaussonsPain au Chocolat Blanc with Raspberries and Cream Cheese","Village in Chocolate",2,"Runner-up"
"400","Luke Thompson  ",30,"Sheffield","Civil servant/house and techno DJ",9,1,NA,NA,8,"IN"
"401","Luke Thompson  ",30,"Sheffield","Civil servant/house and techno DJ",9,2,NA,NA,7,"OUT"
"402","Manisha Parmar  ",27,"Leicester","Nursery nurse",3,1,"Vanilla, Peach and Raspberry","White Chocolate Cake with a Red Velvet and White Chocolate Mousse Heart",6,"IN"
"403","Manisha Parmar  ",27,"Leicester","Nursery nurse",3,2,"Indian FlatbreadsItalian Flatbreads","UNKNOWN",6,"IN"
"404","Manisha Parmar  ",27,"Leicester","Nursery nurse",3,3,"Cinnamon, Apple and Pear Tarte Tatin","Rum and Tropical Fruit Tart",10,"IN"
"405","Manisha Parmar  ",27,"Leicester","Nursery nurse",3,4,"Almond, Chocolate and Cherry Torte","Tiramisu Layered Meringue Dessert",9,"IN"
"406","Manisha Parmar  ",27,"Leicester","Nursery nurse",3,5,"Lamb Wellington with Rosemary and Mint","Banana Scotch Pie",5,"OUT"
"407","Manon Lagrave  ",26,"London","Software project manager",9,1,NA,NA,3,"STAR BAKER"
"408","Manon Lagrave  ",26,"London","Software project manager",9,2,NA,NA,6,"IN"
"409","Manon Lagrave  ",26,"London","Software project manager",9,3,NA,NA,3,"IN"
"410","Manon Lagrave  ",26,"London","Software project manager",9,4,NA,NA,8,"IN"
"411","Manon Lagrave  ",26,"London","Software project manager",9,5,NA,NA,5,"IN"
"412","Manon Lagrave  ",26,"London","Software project manager",9,6,NA,NA,4,"IN"
"413","Manon Lagrave  ",26,"London","Software project manager",9,7,NA,NA,2,"IN"
"414","Manon Lagrave  ",26,"London","Software project manager",9,8,NA,NA,4,"OUT"
"415","Marie Campbell  ",66,"Auchterarder, Perthshire","Retired",6,1,"Zingy Citrus Madeira Cake","A Walk in the Black Forest",3,"STAR BAKER"
"416","Marie Campbell  ",66,"Auchterarder, Perthshire","Retired",6,2,"Biscotti Italiano","Russian Box",11,"OUT"
"417","Mark Onley  ",37,"Milton Keynes","Carpenter and Kitchen Fitter",4,1,"Lemon and Poppy Seed Cake","Chocolate Monster",5,"IN"
"418","Mark Onley  ",37,"Milton Keynes","Carpenter and Kitchen Fitter",4,2,"Rosemary & Raisin Breadsticks","Sage & Garlic Plait",6,"IN"
"419","Mark Onley  ",37,"Milton Keynes","Carpenter and Kitchen Fitter",4,3,"Ginger, Mango and Passion Fruit Trifle","Rose and Pistachio MacaroonsChocolate and Raspberry Bites",11,"OUT"
"420","Mark Whithers  ",48,"South Wales","Bus Driver",1,1,"Sticky Marmalade Tea Loaf","Heart-shaped Chocolate and Beetroot Cake with Store-Bought silver chocolate hearts and chocolate red and white roses.",NA,"OUT"
"421","Martha Collison  ",17,"Ascot, Berkshire","Student",5,1,"Tiramisu Swiss Roll","Mini Lemon and Thyme Drizzle Cakes",2,"IN"
"422","Martha Collison  ",17,"Ascot, Berkshire","Student",5,2,"Caramelised Onion and Goat's Cheese Sandwich Biscuits","Ski Village Scene",5,"IN"
"423","Martha Collison  ",17,"Ascot, Berkshire","Student",5,3,"Date and Walnut Rye Rolls","Stuffed Sunflower Loaf",3,"IN"
"424","Martha Collison  ",17,"Ascot, Berkshire","Student",5,4,"Peanut Butter Chocolate Fondants","Key Lime Baked Alaska",1,"IN"
"425","Martha Collison  ",17,"Ascot, Berkshire","Student",5,5,"Pistachio, Apricot and Honey Custard Tart","Three Little Pigs Pie",1,"IN"
"426","Martha Collison  ",17,"Ascot, Berkshire","Student",5,6,"Dark Chocolate and Almond Liqueur Savarin","Chess-Themed Chocolate and Salted Caramel Dobos Torte",4,"IN"
"427","Martha Collison  ",17,"Ascot, Berkshire","Student",5,7,"Mini Beef Wellingtons","Rhubarb and Custard & Maple Syrup and Bacon Éclairs",3,"IN"
"428","Martha Collison  ",17,"Ascot, Berkshire","Student",5,8,"Spiced Plum Iced Bread Swirl","Glazed Lemon & Poppy Seed DoughnutsChocolate & Passion Fruit Doughnuts",5,"OUT"
"429","Mary-Anne Boermans  ",45,"Kidderminster, Worcestershire","Housewife",2,1,"Banoffee Cupcakes","Chocolate and Raspberry Opera cake",4,"IN"
"430","Mary-Anne Boermans  ",45,"Kidderminster, Worcestershire","Housewife",2,2,"Roasted Cauliflower, Cheese andCaramelised Onion Quiche","Butterscotch Brulée Tarts in Pecan PastryApple Rose Tarts",9,"IN"
"431","Mary-Anne Boermans  ",45,"Kidderminster, Worcestershire","Housewife",2,3,"Ploughman's Loaf","Herb and Walnut BreadsChocolate and Chilli Buns",5,"IN"
"432","Mary-Anne Boermans  ",45,"Kidderminster, Worcestershire","Housewife",2,4,"Melting Moments","Blackcurrant and Mint MacaronsGooseberry and Elderflower MacaronsHazelnut Macarons",2,"IN"
"433","Mary-Anne Boermans  ",45,"Kidderminster, Worcestershire","Housewife",2,5,"Chicken and Bacon Pie","Midnight Meringue",2,"IN"
"434","Mary-Anne Boermans  ",45,"Kidderminster, Worcestershire","Housewife",2,6,"Tutti Fruitti Curd Baked Cheesecake","Orange and Praline Croquembouche with Cardamom Caramel",4,"IN"
"435","Mary-Anne Boermans  ",45,"Kidderminster, Worcestershire","Housewife",2,7,"Chocolate and Orange Mousse Cake","Raspberry Rose DanishesPraline SpiralsAlsatian Plaited Danishes",2,"IN"
"436","Mary-Anne Boermans  ",45,"Kidderminster, Worcestershire","Housewife",2,8,"Lemon and Ginger Mille Feuille","Fruit Tarts with Elderflower CustardStrawberry and Rhubarb CheesecakesBlack Fruit Meringue with Everlasting Syllabub",3,"Runner-up"
"437","Mat Riley  ",37,"London","Fire fighter",6,1,"Gin and Tonic Madeira Cake","Black Forest Gateau",7,"IN"
"438","Mat Riley  ",37,"London","Fire fighter",6,2,"Pistachio, Cranberry and White Chocolate Biscotti","Gingerbread Fire Engine",5,"IN"
"439","Mat Riley  ",37,"London","Fire fighter",6,3,"Jalapeño, Mexican Cheddar and Smoked Salt Soda Breads","Curry Inspired Brighton Pavilion",8,"IN"
"440","Mat Riley  ",37,"London","Fire fighter",6,4,"Coconut Crème Brûlées","Chocolate Bar Cheesecakes",7,"IN"
"441","Mat Riley  ",37,"London","Fire fighter",6,5,"Sugar Free Carrot Cake","Raspberry and Coconut Ice Cream Roll",4,"IN"
"442","Mat Riley  ",37,"London","Fire fighter",6,6,"Piña Colada Frangipane Tart","His 'n' Hers Vol-au-vents",1,"STAR BAKER"
"443","Mat Riley  ",37,"London","Fire fighter",6,7,"Raised Venison and Pigeon Pie","Strawberry Charlotte Russe",6,"OUT"
"444","Michael Chakraverty  ",26,"Stratford-upon-Avon","Theatre manager/fitness instructor",10,1,NA,NA,11,"IN"
"445","Michael Chakraverty  ",26,"Stratford-upon-Avon","Theatre manager/fitness instructor",10,2,NA,NA,4,"IN"
"446","Michael Chakraverty  ",26,"Stratford-upon-Avon","Theatre manager/fitness instructor",10,3,NA,NA,6,"STAR BAKER"
"447","Michael Chakraverty  ",26,"Stratford-upon-Avon","Theatre manager/fitness instructor",10,4,NA,NA,7,"IN"
"448","Michael Chakraverty  ",26,"Stratford-upon-Avon","Theatre manager/fitness instructor",10,5,NA,NA,8,"IN"
"449","Michael Chakraverty  ",26,"Stratford-upon-Avon","Theatre manager/fitness instructor",10,6,NA,NA,6,"IN"
"450","Michael Chakraverty  ",26,"Stratford-upon-Avon","Theatre manager/fitness instructor",10,7,NA,NA,5,"OUT"
"451","Michael Georgiou  ",20,"Durham","Student",7,1,"Lime, Ginger and Honey Drizzle Cake","Matcha Tea Chocolate Mirror Glaze",3,"IN"
"452","Michael Georgiou  ",20,"Durham","Student",7,2,"Malt, Chocolate and Orange Iced ""Beer"" Biscuits","Trip to See Santa in Lapland",9,"IN"
"453","Michael Georgiou  ",20,"Durham","Student",7,3,"Chocolate and Chilli Swirl Plait","Cypriot Dove and Olive Branch Plaited Loaf with Houmous",7,"OUT"
"454","Michelle Evans-Fecci  ",35,"Tenby, Wales","Print shop administrator",10,1,NA,NA,6,"STAR BAKER"
"455","Michelle Evans-Fecci  ",35,"Tenby, Wales","Print shop administrator",10,2,NA,NA,8,"IN"
"456","Michelle Evans-Fecci  ",35,"Tenby, Wales","Print shop administrator",10,3,NA,NA,5,"IN"
"457","Michelle Evans-Fecci  ",35,"Tenby, Wales","Print shop administrator",10,4,NA,NA,5,"IN"
"458","Michelle Evans-Fecci  ",35,"Tenby, Wales","Print shop administrator",10,5,NA,NA,7,"OUT"
"459","Miranda Browne  ",37,"Midhurst, West Sussex","Food buyer for Marks & Spencer",1,1,"Triple Layered Brownie Meringue Cake
with Raspberry Cream","Three Tiered Chocolate Fudge Cake  with Handmade Chocolate Button Decorations",8,"IN"
"460","Miranda Browne  ",37,"Midhurst, West Sussex","Food buyer for Marks & Spencer",1,2,"Fresh Vanilla Biscuits with Royal Icing","Pistachio Macarons",3,"IN"
"461","Miranda Browne  ",37,"Midhurst, West Sussex","Food buyer for Marks & Spencer",1,3,"Walnut and Apricot Bread","Lemon Iced Buns
Chocolate and Orange Buns",3,"IN"
"462","Miranda Browne  ",37,"Midhurst, West Sussex","Food buyer for Marks & Spencer",1,4,"Sticky Toffee Pudding","Queen of Puddings, Chocolate Pear Roly Poly, Strawberry and Rhubarb Crumble",1,"IN"
"463","Miranda Browne  ",37,"Midhurst, West Sussex","Food buyer for Marks & Spencer",1,5,"Summery Salmon, Cod and Prawn Fish Pie","Chocolate Pastry filled with Orange Cheesecake  Chocolate Pastry filled with Milk Chocolate Ganche  Strawberry Tart with Red Currant Glaze  Cheesy Crab, Broad Bean and Tomato, Pancetta Risotto Canapés",1,"IN"
"464","Miranda Browne  ",37,"Midhurst, West Sussex","Food buyer for Marks & Spencer",1,6,"Lemon Cupcake","Eliminated after signature",NA,"Runner-up"
"465","Nadiya Hussain  ",30,"Leeds / Luton","Full-time mother",6,1,"Orange and Green Cardamom Madeira Cake","Quadruple Chocolate Black Forest Gâteau",12,"IN"
"466","Nadiya Hussain  ",30,"Leeds / Luton","Full-time mother",6,2,"Coconut, Fennel and Pistachio Biscotti","Box of Fortunes",9,"IN"
"467","Nadiya Hussain  ",30,"Leeds / Luton","Full-time mother",6,3,"Mexican Bread with Warm Tomato Salsa","Snake Charmer's Basket",9,"IN"
"468","Nadiya Hussain  ",30,"Leeds / Luton","Full-time mother",6,4,"Cinnamon Tea Crème Brûlées","Fizzy Pop Cheesecakes",8,"IN"
"469","Nadiya Hussain  ",30,"Leeds / Luton","Full-time mother",6,5,"Naked Blueberry and Caraway Crunch Cake","Chocolate and Strawberry Lime Ice Cream Roll",1,"STAR BAKER"
"470","Nadiya Hussain  ",30,"Leeds / Luton","Full-time mother",6,6,"Bay Leaf, Rong Tea and Pear Tart","Bengali Korma and Clementine with Cod Vol-au-vents",4,"IN"
"471","Nadiya Hussain  ",30,"Leeds / Luton","Full-time mother",6,7,"Aromatic Raised Game Pie","Mango and Raspberry Charlotte Russe",1,"IN"
"472","Nadiya Hussain  ",30,"Leeds / Luton","Full-time mother",6,8,"Rose Pistachio and Mocha Hazelnut Horns","Bubble Gum and Peppermint Cream Religieuse à l'ancienne",1,"STAR BAKER"
"473","Nadiya Hussain  ",30,"Leeds / Luton","Full-time mother",6,9,"Peanut Salted Caramel and Chocolate Tart","Peacock in Nan's Door",4,"STAR BAKER"
"474","Nadiya Hussain  ",30,"Leeds / Luton","Full-time mother",6,10,"Cardamom and Almond Buns & Nutmeg and Sour Cherry Fingers","My Big Fat British Wedding Cake",1,"WINNER"
"475","Nancy Birtwhistle  ",60,"Barton-upon-Humber, Lincolnshire","Retired Practice Manager",5,1,"Coffee and Hazelnut Swiss Roll","Jaffa Orange Cakes",1,"STAR BAKER"
"476","Nancy Birtwhistle  ",60,"Barton-upon-Humber, Lincolnshire","Retired Practice Manager",5,2,"Fennel and Rye Thins","Hansel and Gretel Scene",2,"IN"
"477","Nancy Birtwhistle  ",60,"Barton-upon-Humber, Lincolnshire","Retired Practice Manager",5,3,"Cider and Walnut Crusty Rolls","'Full English' Stromboli",5,"IN"
"478","Nancy Birtwhistle  ",60,"Barton-upon-Humber, Lincolnshire","Retired Practice Manager",5,4,"Pistachio Puddings with Chocolate Sauce","Summer Pudding Alaska",4,"IN"
"479","Nancy Birtwhistle  ",60,"Barton-upon-Humber, Lincolnshire","Retired Practice Manager",5,5,"Chocolate Crusted Passion Fruit Tart","Trio of Apple Pies",4,"IN"
"480","Nancy Birtwhistle  ",60,"Barton-upon-Humber, Lincolnshire","Retired Practice Manager",5,6,"Rum Punch Savarin with Coconut Cream and Tropical Fruits","Chocolate and Caramel Dobos Torte",1,"IN"
"481","Nancy Birtwhistle  ",60,"Barton-upon-Humber, Lincolnshire","Retired Practice Manager",5,7,"Spicy Duck Pasties","Smoked Salmon and Horseradish & Raspberry Ripple Éclairs",2,"IN"
"482","Nancy Birtwhistle  ",60,"Barton-upon-Humber, Lincolnshire","Retired Practice Manager",5,8,"Lincolnshire Plum Braid","Doughnut Family Tree
(Limoncello and Almond & Milk Chocolate and Orange)",3,"IN"
"483","Nancy Birtwhistle  ",60,"Barton-upon-Humber, Lincolnshire","Retired Practice Manager",5,9,"Coffee and Chocolate BaklavaBreakfast Baklava","Raspberry NonnettesLime and Passion Fruit Entremets",3,"IN"
"484","Nancy Birtwhistle  ",60,"Barton-upon-Humber, Lincolnshire","Retired Practice Manager",5,10,"Apple and Lemon KitesRaspberry and Almond Croissants","Red Windmill",1,"WINNER"
"485","Natasha Stringer  ",36,"Tamworth, Staffordshire","Midwife",3,1,"Pineapple & Passion Fruit","Mother's Day Layered Rose Cake",12,"OUT"
"486","Norman Calder  ",66,"Portknockie, Moray","Retired Naval Officer",5,1,"Black Forest Swiss Roll","Almond and Raspberry Mini Cakes",11,"IN"
"487","Norman Calder  ",66,"Portknockie, Moray","Retired Naval Officer",5,2,"Farthing Biscuits","Zulu Boats at Dawn",10,"IN"
"488","Norman Calder  ",66,"Portknockie, Moray","Retired Naval Officer",5,3,"Rye Bread Rolls","Chicken and Roasted Vegetable Picnic Loaf",4,"IN"
"489","Norman Calder  ",66,"Portknockie, Moray","Retired Naval Officer",5,4,"Mini Sticky Toffee Puddings","Baked Alaska with Strawberry Surprise",8,"IN"
"490","Norman Calder  ",66,"Portknockie, Moray","Retired Naval Officer",5,5,"Tarte au Citron","Pieful Tower",5,"OUT"
"491","Paul Jagger  ",49,"Swansea, Wales","Prison governor",6,1,"Lemon, Ginger and Caraway Seed Madeira Cake","Black Forest Chocolate Creation",10,"IN"
"492","Paul Jagger  ",49,"Swansea, Wales","Prison governor",6,2,"Chocolate, Hazelnut and Fig Biscotti","Memory Box",10,"IN"
"493","Paul Jagger  ",49,"Swansea, Wales","Prison governor",6,3,"Cranberry and Orange Sweet Soda Breads","King of the Jungle",10,"IN"
"494","Paul Jagger  ",49,"Swansea, Wales","Prison governor",6,4,"Almond Crème Brûlées","Berry Cheesecake Tower",1,"IN"
"495","Paul Jagger  ",49,"Swansea, Wales","Prison governor",6,5,"Carrot & Pecan Cake","Dessert Island Getaway",2,"IN"
"496","Paul Jagger  ",49,"Swansea, Wales","Prison governor",6,6,"Christmas Frangipane Tart","Savoury and Sweet Bouchées",5,"IN"
"497","Paul Jagger  ",49,"Swansea, Wales","Prison governor",6,7,"Not a Boaring Pie","Charlotte Rose",2,"IN"
"498","Paul Jagger  ",49,"Swansea, Wales","Prison governor",6,8,"Café Tipple & Banana Crunch-away Horns","Religieuse à l'ancienne",5,"OUT"
"499","Peter Abatan  ",52,"Southend, Essex","IT programme manager",8,1,"Coconut Cake","'Bread on a Breadboard' Cake",10,"OUT"
"500","Peter Maloney  ",43,"Windsor, Berkshire","Sales manager",3,1,"Pear, Muscat & Chocolate","Jubilee Cake",3,"IN"
"501","Peter Maloney  ",43,"Windsor, Berkshire","Sales manager",3,2,"Fennel and Nigella Seed NaanBannock Bread","Rosemary and Sea Salt Bagels
Apple and Cinnamon Bagels",11,"OUT"
"502","Phil Thorne  ",56,"Rainham","HGV driver",10,1,NA,NA,8,"IN"
"503","Phil Thorne  ",56,"Rainham","HGV driver",10,2,NA,NA,3,"IN"
"504","Phil Thorne  ",56,"Rainham","HGV driver",10,3,NA,NA,10,"IN"
"505","Phil Thorne  ",56,"Rainham","HGV driver",10,4,NA,NA,6,"OUT"
"506","Priya O'Shea  ",34,"Leicester","Marketing consultant",10,1,NA,NA,7,"IN"
"507","Priya O'Shea  ",34,"Leicester","Marketing consultant",10,2,NA,NA,7,"IN"
"508","Priya O'Shea  ",34,"Leicester","Marketing consultant",10,3,NA,NA,4,"IN"
"509","Priya O'Shea  ",34,"Leicester","Marketing consultant",10,4,NA,NA,10,"IN"
"510","Priya O'Shea  ",34,"Leicester","Marketing consultant",10,5,NA,NA,2,"IN"
"511","Priya O'Shea  ",34,"Leicester","Marketing consultant",10,6,NA,NA,7,"OUT"
"512","Rahul Mandal  ",30,"Rotherham","Research scientist",9,1,NA,NA,7,"IN"
"513","Rahul Mandal  ",30,"Rotherham","Research scientist",9,2,NA,NA,2,"STAR BAKER"
"514","Rahul Mandal  ",30,"Rotherham","Research scientist",9,3,NA,NA,4,"STAR BAKER"
"515","Rahul Mandal  ",30,"Rotherham","Research scientist",9,4,NA,NA,4,"IN"
"516","Rahul Mandal  ",30,"Rotherham","Research scientist",9,5,NA,NA,3,"IN"
"517","Rahul Mandal  ",30,"Rotherham","Research scientist",9,6,NA,NA,3,"IN"
"518","Rahul Mandal  ",30,"Rotherham","Research scientist",9,7,NA,NA,1,"IN"
"519","Rahul Mandal  ",30,"Rotherham","Research scientist",9,8,NA,NA,5,"IN"
"520","Rahul Mandal  ",30,"Rotherham","Research scientist",9,9,NA,NA,4,"IN"
"521","Rahul Mandal  ",30,"Rotherham","Research scientist",9,10,NA,NA,2,"WINNER"
"522","Rav Bansal  ",28,"Erith","Student support",7,1,"Ginger Spice Yuzu Drizzle Cake","Colombian Mocha Mirror Glaze Cake",8,"IN"
"523","Rav Bansal  ",28,"Erith","Student support",7,2,"Union Jack Bunting Biscuits","Gingerbread Christmas Fairground",6,"IN"
"524","Rav Bansal  ",28,"Erith","Student support",7,3,"Chocolate, Cardamom and Hazelnut Loaf","Three Tier Diwali Bread Centrepiece",10,"IN"
"525","Rav Bansal  ",28,"Erith","Student support",7,4,"Thai Tofu Panang Yorkshires","Three Dip Matcha Pistachio Churros",9,"IN"
"526","Rav Bansal  ",28,"Erith","Student support",7,5,"Cinnamon Swirls and Pecan, Walnut and Maple Plaits","Chinese Style Prawn Filo Tartlets and Spiced White Chocolate and Hazelnut Samosas",8,"IN"
"527","Rav Bansal  ",28,"Erith","Student support",7,6,"Mandarin Margarita Meringue Pie","Blossom Cake",3,"OUT"
"528","Richard Burr  ",38,"Mill Hill, London","Builder",5,1,"Pistachio and Strawberry Swiss Roll","Miniature Coffee & Walnut Cakes",10,"IN"
"529","Richard Burr  ",38,"Mill Hill, London","Builder",5,2,"Rosemary Seeded Crackers","Pirates!",1,"STAR BAKER"
"530","Richard Burr  ",38,"Mill Hill, London","Builder",5,3,"Rye and Cranberry Rolls","Pesto Pinwheel",6,"IN"
"531","Richard Burr  ",38,"Mill Hill, London","Builder",5,4,"Black Forest Chocolate Fondants","Tiramisu Baked Alaska",5,"STAR BAKER"
"532","Richard Burr  ",38,"Mill Hill, London","Builder",5,5,"Fig and Orange Tart","Three Course Autumn Pie Feast",7,"IN"
"533","Richard Burr  ",38,"Mill Hill, London","Builder",5,6,"Fruity Guglhupf with an Orange Glaze","Sugar Forest Dobos Torte",5,"IN"
"534","Richard Burr  ",38,"Mill Hill, London","Builder",5,7,"Minted Lamb Pasties","Stair of Éclairs
(Lavender and Blueberry & Rose and Raspberry Éclairs)",1,"STAR BAKER"
"535","Richard Burr  ",38,"Mill Hill, London","Builder",5,8,"Fruit Swedish Tea Ring","Rhubarb and Custard and Toffee Apple Doughnuts",4,"STAR BAKER"
"536","Richard Burr  ",38,"Mill Hill, London","Builder",5,9,"Rose and Pistachio BaklavaWalnut and Almond Baklava","Hazelnut Mocha EntremetsPink Grapefruit Entremets",2,"STAR BAKER"
"537","Richard Burr  ",38,"Mill Hill, London","Builder",5,10,"Pear Pain au ChocolatPain Au Lait","Mill on the Hill",3,"Runner-up"
"538","Robert Billington  ",25,"London","Photographer",2,1,"Blackberry and Vanilla Cupcakeswith Liquorice Frosting","Genoise Layered Mousse Cakewith Chocolate Ganache",3,"IN"
"539","Robert Billington  ",25,"London","Photographer",2,2,"Smoked Bacon and Kale Quiche","Chocolate, Fennel and Ginger TartAlmond, Creme Patissiere and Poached Pear Tart",5,"IN"
"540","Robert Billington  ",25,"London","Photographer",2,3,"Rye and Coriander Seed Loaf","Blueberry Brioche RollsLemon and Poppy Seed Rolls",4,"IN"
"541","Robert Billington  ",25,"London","Photographer",2,4,"Chocolate and Ginger Oat Biscuits","Strawberry and Lime MacaronsLemon MacaronsChocolate and Cardamom Macarons",7,"IN"
"542","Robert Billington  ",25,"London","Photographer",2,5,"Chicken and Mushroom Pie","Rhubarb and Custard Meringue Pie",3,"OUT"
"543","Robert Smart  ",54,"Melbourn, Cambridgeshire","Space Satellite Designer",4,1,"Pecan and Apple Cake","Raspberry Chocolate Cake",1,"STAR BAKER"
"544","Robert Smart  ",54,"Melbourn, Cambridgeshire","Space Satellite Designer",4,2,"Twisty Rye Bread Sticks","Tribute Loaf",5,"IN"
"545","Robert Smart  ",54,"Melbourn, Cambridgeshire","Space Satellite Designer",4,3,"Rhubarb and Orange Trifle","Almond FriandsTurǫn Macaroons",2,"IN"
"546","Robert Smart  ",54,"Melbourn, Cambridgeshire","Space Satellite Designer",4,4,"Apple and Pear Pie with Thyme","Spanakopita with St George's Mushrooms",3,"IN"
"547","Robert Smart  ",54,"Melbourn, Cambridgeshire","Space Satellite Designer",4,5,"Blueberry & Orange Traybake","Dalek",4,"OUT"
"548","Rosie Brandreth-Poynter  ",28,"Somerset","Veterinary surgeon",10,1,NA,NA,2,"IN"
"549","Rosie Brandreth-Poynter  ",28,"Somerset","Veterinary surgeon",10,2,NA,NA,5,"IN"
"550","Rosie Brandreth-Poynter  ",28,"Somerset","Veterinary surgeon",10,3,NA,NA,9,"IN"
"551","Rosie Brandreth-Poynter  ",28,"Somerset","Veterinary surgeon",10,4,NA,NA,4,"IN"
"552","Rosie Brandreth-Poynter  ",28,"Somerset","Veterinary surgeon",10,5,NA,NA,5,"IN"
"553","Rosie Brandreth-Poynter  ",28,"Somerset","Veterinary surgeon",10,6,NA,NA,5,"IN"
"554","Rosie Brandreth-Poynter  ",28,"Somerset","Veterinary surgeon",10,7,NA,NA,1,"IN"
"555","Rosie Brandreth-Poynter  ",28,"Somerset","Veterinary surgeon",10,8,NA,NA,2,"IN"
"556","Rosie Brandreth-Poynter  ",28,"Somerset","Veterinary surgeon",10,9,NA,NA,1,"OUT"
"557","Ruby Bhogal  ",29,"London","Project manager",9,1,NA,NA,1,"IN"
"558","Ruby Bhogal  ",29,"London","Project manager",9,2,NA,NA,10,"IN"
"559","Ruby Bhogal  ",29,"London","Project manager",9,3,NA,NA,7,"IN"
"560","Ruby Bhogal  ",29,"London","Project manager",9,4,NA,NA,2,"IN"
"561","Ruby Bhogal  ",29,"London","Project manager",9,5,NA,NA,1,"IN"
"562","Ruby Bhogal  ",29,"London","Project manager",9,6,NA,NA,7,"IN"
"563","Ruby Bhogal  ",29,"London","Project manager",9,7,NA,NA,3,"IN"
"564","Ruby Bhogal  ",29,"London","Project manager",9,8,NA,NA,3,"STAR BAKER"
"565","Ruby Bhogal  ",29,"London","Project manager",9,9,NA,NA,1,"STAR BAKER"
"566","Ruby Bhogal  ",29,"London","Project manager",9,10,NA,NA,3,"Runner-up"
"567","Ruby Tandoh  ",20,"Southend, Essex","History of Art and Philosophy Student",4,1,"Rhubarb and Custard Sandwich Cake","Chocolate and Ginger Night Sky Cake",12,"IN"
"568","Ruby Tandoh  ",20,"Southend, Essex","History of Art and Philosophy Student",4,2,"Mexican Breadsticks","White Chocolate and Orange Peacock Bread",3,"STAR BAKER"
"569","Ruby Tandoh  ",20,"Southend, Essex","History of Art and Philosophy Student",4,3,"Desert Island Trifle","Lemon Shortbread and White Chocolate SeashellsBlackberry and Chocolate Layer Cakes",3,"IN"
"570","Ruby Tandoh  ",20,"Southend, Essex","History of Art and Philosophy Student",4,4,"Apple and Marzipan Pie","Rose, Almond and Raspberry Filo Pie",6,"IN"
"571","Ruby Tandoh  ",20,"Southend, Essex","History of Art and Philosophy Student",4,5,"Blackberry and Lemon Bakewell Slice","'Dropped Ice-Cream' Biscuit Centrepiece",6,"IN"
"572","Ruby Tandoh  ",20,"Southend, Essex","History of Art and Philosophy Student",4,6,"Citrus Tea Loaf","Twisted Swedish KanelbullarSaffron St. Lucia Buns",1,"STAR BAKER"
"573","Ruby Tandoh  ",20,"Southend, Essex","History of Art and Philosophy Student",4,7,"Plum Jam Roly-Polywith Ginger Ice cream","Raspberry and Passion Fruit Mille-feuilleCaramelised Apple LatticePortuguese Custard Tarts",2,"IN"
"574","Ruby Tandoh  ",20,"Southend, Essex","History of Art and Philosophy Student",4,8,"Mango and Nigella Seed Spelt Cob","Carrot Cake and Pistachio Garden Plot",1,"STAR BAKER"
"575","Ruby Tandoh  ",20,"Southend, Essex","History of Art and Philosophy Student",4,9,"Beetroot Jelly on Poppy Seed BiscuitsSpinach, Parmesan and Egg TartletsChoux Buns with Goat's Cheese and Caramelised Onions","Chocolate, Almond Praline and Saffron Opera Cake",4,"IN"
"576","Ruby Tandoh  ",20,"Southend, Essex","History of Art and Philosophy Student",4,10,"Picnic Basket Pie","Raspberry, Lemon and Passion Fruit Wedding Cake",2,"Runner-up"
"577","Ruth Clemens  ",31,"Poynton, Cheshire","Retail manager/Housewife",1,1,"Three Tiered Lemon Drizzle Cakewith Fresh Cream and freshly made Lemon Curd","Classic Chocolate Sponge wrapped in a Chocolate Collartopped with Handmade White and Dark Chocolate Truffles",NA,"IN"
"578","Ruth Clemens  ",31,"Poynton, Cheshire","Retail manager/Housewife",1,2,"Peanut Shortbread withSalted Peanut Caramel","Almond Macaron with Violet ButtercreamRaspberries and Cream Eclairs",5,"IN"
"579","Ruth Clemens  ",31,"Poynton, Cheshire","Retail manager/Housewife",1,3,"Maple and Pecan Bread","Chocolate and Orange Panettone
Cranberry Bagels",2,"IN"
"580","Ruth Clemens  ",31,"Poynton, Cheshire","Retail manager/Housewife",1,4,"Peach and Blueberry Boy Bait","Apple & Ginger Crumble, Rhubarb Suet Crust, Cherry Queen of Puddings",4,"IN"
"581","Ruth Clemens  ",31,"Poynton, Cheshire","Retail manager/Housewife",1,5,"Minced Beef Pie","Raspberry and Dark Chocolate Tart  Creme Patisserie and Cherry Tart  Citrus Curd Tart with Creme Brulee top  Tomato, Asparagus Twirl Canapés",3,"IN"
"582","Ruth Clemens  ",31,"Poynton, Cheshire","Retail manager/Housewife",1,6,"Mint, Ginger and Blackberry Cake",NA,NA,"Runner-up"
"583","Ryan Chong  ",38,"Bristol","Photographer",3,1,"Kumquat and Orange Polenta","Hidden Flowerbed Mousse Cake",8,"IN"
"584","Ryan Chong  ",38,"Bristol","Photographer",3,2,"Shanghai Spring Onion FlatbreadsGarlic and Coriander Naan","Cinnamon and Date Bagels
Tarragon and Rosemary Bagels",5,"IN"
"585","Ryan Chong  ",38,"Bristol","Photographer",3,3,"Spiced Pear Tarte Tatin","UNKNOWN",5,"IN"
"586","Ryan Chong  ",38,"Bristol","Photographer",3,4,"Green Tea Opera Torte","Strawberry, Rose and Pistachio Meringue",7,"IN"
"587","Ryan Chong  ",38,"Bristol","Photographer",3,5,"Curry Spiced Seabass Wellington","Key Lime Pie",8,"STAR BAKER"
"588","Ryan Chong  ",38,"Bristol","Photographer",3,6,"Chocolate FondantsSticky Ginger and Date Puddings","Apple, Sour Cherry, Raisin and Mixed Nuts Strudel",6,"IN"
"589","Ryan Chong  ",38,"Bristol","Photographer",3,7,"Lardy Cakes","Char Siu Bao",6,"OUT"
"590","Sandy Docherty  ",49,"Yeadon, West Yorkshire","Child welfare officer",6,1,"Madeira Cake with Almond Liqueur and Chopped Apricots","Black Forest Gâteau",9,"IN"
"591","Sandy Docherty  ",49,"Yeadon, West Yorkshire","Child welfare officer",6,2,"Chocolate Chunk and Hazelnut Biscotti","Sundried Tomato Cheese Biscuit Box",4,"IN"
"592","Sandy Docherty  ",49,"Yeadon, West Yorkshire","Child welfare officer",6,3,"Soda Breads with Smoked Bacon and Onion","Basket of Bread Flowers with a Walnut and Blue Cheese Centre",7,"IN"
"593","Sandy Docherty  ",49,"Yeadon, West Yorkshire","Child welfare officer",6,4,"Pontefract Crème Brûlées","Cassata, Whisky and Orange & Apple Pie Cheesecakes",6,"OUT"
"594","Sarah-Jane Willis  ",28,"Bewbush, West Sussex","Vicar's wife",3,1,"Pear, Chocolate and Hazelnut","Hidden Crown Cake",1,"IN"
"595","Sarah-Jane Willis  ",28,"Bewbush, West Sussex","Vicar's wife",3,2,"Toasted Coconut and Lime RotisOatcakes","UNKNOWN",10,"IN"
"596","Sarah-Jane Willis  ",28,"Bewbush, West Sussex","Vicar's wife",3,3,"Caramelised Banana Tarte Tatin","French Apple Tart with Blackberry and Cassis Jam",8,"IN"
"597","Sarah-Jane Willis  ",28,"Bewbush, West Sussex","Vicar's wife",3,4,"Chocolate and Almond Truffle Torte","Hazelnut Tiramisu Layered Meringue",4,"IN"
"598","Sarah-Jane Willis  ",28,"Bewbush, West Sussex","Vicar's wife",3,5,"Beef Wellington with Parma Ham and Gorgonzola Cheese","Chocolate and Banana Cream Pie",4,"IN"
"599","Sarah-Jane Willis  ",28,"Bewbush, West Sussex","Vicar's wife",3,6,"Sticky Toffee PuddingsGranny's Saucy Lemon Puddings","Sweet Strudel with Sour Cherries",4,"IN"
"600","Sarah-Jane Willis  ",28,"Bewbush, West Sussex","Vicar's wife",3,7,"Orange, Nutmeg and Saffron Buns","Sour Cherry and Dark Chocolate Christmas Plait",7,"OUT"
"601","Selasi Gbormittah  ",30,"London","Client service associate",7,1,"Citrus and Spice Drizzle Cake","Raspberry, Sloe and White Chocolate Mirror Glaze Cake",1,"IN"
"602","Selasi Gbormittah  ",30,"London","Client service associate",7,2,"""Wheelie Hot Iced Biscuits""","Stained Glass Window Gingerbread Church",11,"IN"
"603","Selasi Gbormittah  ",30,"London","Client service associate",7,3,"Chocolate, Orange and Cinnamon Bread","Bedouin Escape Tear and Share Bread",5,"IN"
"604","Selasi Gbormittah  ",30,"London","Client service associate",7,4,"Perfect Sunday Roast Accompaniment","Lemon and Anise Churros",8,"IN"
"605","Selasi Gbormittah  ",30,"London","Client service associate",7,5,"Rhubarb, Mango and Ginger Plait, and Pineapple and Coconut Pinwheels","Parma Ham, Asparagus and Cheese Filo Cigars and Coffee Cream Filo Cups",3,"IN"
"606","Selasi Gbormittah  ",30,"London","Client service associate",7,6,"Grapefruit, Orange and Mint Meringue Pie","Three Tiered Ombré Floral Cake",7,"IN"
"607","Selasi Gbormittah  ",30,"London","Client service associate",7,7,"Summer Picnic Roulade","Lemon, Strawberry and Passionfruit and Chocolate and Mint Mini Mousse Cakes",6,"IN"
"608","Selasi Gbormittah  ",30,"London","Client service associate",7,8,"Bouquet of Flowers","Fruity Tudor Marchpane",3,"IN"
"609","Selasi Gbormittah  ",30,"London","Client service associate",7,9,"Sundried Tomato, Onion, Peppers and Parmesan Palmiers and Salmon, Spinach and Mushroom Palmiers","Lime and Ginger Fondant Fancies and Pink Velvet and Raspberry Prosecco Fondant Fancies",4,"OUT"
"610","Simon Blackwell  ",31,"Norfolk","Rugby Coach",2,1,"Guinness and Chocolate Cupcakes","Two-Tiered Chocolate Courgette Cake",9,"IN"
"611","Simon Blackwell  ",31,"Norfolk","Rugby Coach",2,2,"Smoked Haddock and Watercress Quiche","Passion Fruit and Ricotta TartsSalted Chocolate, Stem Ginger and Mascarpone Cream Tarts",11,"OUT"
"612","Sophie Faldo  ",33,"West Molesey, Surrey","Former army officer and trainee stuntwoman",8,1,"Pineapple and Coconut Sandwich Cake","'Champagne Bottle and Bucket' Cake",5,"IN"
"613","Sophie Faldo  ",33,"West Molesey, Surrey","Former army officer and trainee stuntwoman",8,2,"Lemon Limoncino Sandwich Biscuits","'Snakes and Ladders' Game",2,"IN"
"614","Sophie Faldo  ",33,"West Molesey, Surrey","Former army officer and trainee stuntwoman",8,3,"Tagine Teacakes","'Picnic Basket' Bread Sculpture",6,"IN"
"615","Sophie Faldo  ",33,"West Molesey, Surrey","Former army officer and trainee stuntwoman",8,4,"Jaffa Millionaire Shortbreads","Bird's Nest Caramel Cake",4,"IN"
"616","Sophie Faldo  ",33,"West Molesey, Surrey","Former army officer and trainee stuntwoman",8,5,"Ginger, Fig and Honey Steamed School Pudding","Raspberry, Yuzu & White Chocolate Bûche Trifle Terrine",1,"STAR BAKER"
"617","Sophie Faldo  ",33,"West Molesey, Surrey","Former army officer and trainee stuntwoman",8,6,"'The Four Seasons' Decorative Pies","Game Pie with Glazed Forest Fruits",2,"IN"
"618","Sophie Faldo  ",33,"West Molesey, Surrey","Former army officer and trainee stuntwoman",8,7,"'Classics with a Twist' Cannoli","'Classics' Sfogliatelle",3,"IN"
"619","Sophie Faldo  ",33,"West Molesey, Surrey","Former army officer and trainee stuntwoman",8,8,"Char Siu & Banana Praline Bedfordshire Clangers","Citrus with Green Apple Croquembouche Savoy Cake",4,"IN"
"620","Sophie Faldo  ",33,"West Molesey, Surrey","Former army officer and trainee stuntwoman",8,9,"Strawberry & Rhubarb and Chestnut & Vanilla Choux Buns","'Tutu with Opera Filling' Meringue Centrepiece",1,"STAR BAKER"
"621","Sophie Faldo  ",33,"West Molesey, Surrey","Former army officer and trainee stuntwoman",8,10,"Spelt Boules, Mushroom Ciabatta and Orange Plaited Brioche","'Ode to the Honey Bee' Entremet",2,"WINNER"
"622","Stacey Hart  ",42,"Radlett, Hertfordshire","Former school teacher",8,1,"Granny Smith Apple and Walnut Cake","'Black Evening Clutch Bag' Cake",11,"IN"
"623","Stacey Hart  ",42,"Radlett, Hertfordshire","Former school teacher",8,2,"Sparkly Chocolate and Marshmallow Fluff Cookies","'Get to School' Game",9,"IN"
"624","Stacey Hart  ",42,"Radlett, Hertfordshire","Former school teacher",8,3,"Cranberry and Cinnamon Teacakes","'Ascot Hat' Bread Sculpture",1,"IN"
"625","Stacey Hart  ",42,"Radlett, Hertfordshire","Former school teacher",8,4,"Rum Salted Caramel Millionaire Shortbreads","Chocolate and Coffee Caramel Cake",1,"IN"
"626","Stacey Hart  ",42,"Radlett, Hertfordshire","Former school teacher",8,5,"Bakewell Tart Steamed School Pudding","Tropical Trifle Terrine",4,"IN"
"627","Stacey Hart  ",42,"Radlett, Hertfordshire","Former school teacher",8,6,"'Love Theme' Decorative Pies","Indian Hand Raised Pie with Mango",6,"IN"
"628","Stacey Hart  ",42,"Radlett, Hertfordshire","Former school teacher",8,7,"My All Time Favourite Desserts","Pastry Surprise",4,"IN"
"629","Stacey Hart  ",42,"Radlett, Hertfordshire","Former school teacher",8,8,"Camembert & Onion and Apple & Blueberry Bedfordshire Clangers","'Bright' Lemon & Orange Savoy Cake",3,"STAR BAKER"
"630","Stacey Hart  ",42,"Radlett, Hertfordshire","Former school teacher",8,9,"'Choux-nicorn and Choux-moji' Choux Buns","'Flamingos in Love' Meringue Centrepiece",2,"OUT"
"631","Steph Blackwell  ",28,"Chester","Shop assistant",10,1,NA,NA,3,"IN"
"632","Steph Blackwell  ",28,"Chester","Shop assistant",10,2,NA,NA,10,"IN"
"633","Steph Blackwell  ",28,"Chester","Shop assistant",10,3,NA,NA,3,"IN"
"634","Steph Blackwell  ",28,"Chester","Shop assistant",10,4,NA,NA,1,"STAR BAKER"
"635","Steph Blackwell  ",28,"Chester","Shop assistant",10,5,NA,NA,4,"STAR BAKER"
"636","Steph Blackwell  ",28,"Chester","Shop assistant",10,6,NA,NA,3,"STAR BAKER"
"637","Steph Blackwell  ",28,"Chester","Shop assistant",10,7,NA,NA,4,"IN"
"638","Steph Blackwell  ",28,"Chester","Shop assistant",10,8,NA,NA,4,"STAR BAKER"
"639","Steph Blackwell  ",28,"Chester","Shop assistant",10,9,NA,NA,3,"IN"
"640","Steph Blackwell  ",28,"Chester","Shop assistant",10,10,NA,NA,3,"Runner-up"
"641","Steven Carter-Bailey  ",34,"Watford, Hertfordshire","Marketer",8,1,"Bonfire Night Cake","'A Baker's Lunch' Cake",6,"STAR BAKER"
"642","Steven Carter-Bailey  ",34,"Watford, Hertfordshire","Marketer",8,2,"Amarpressi Biscuits","'Check Bake' Game",6,"STAR BAKER"
"643","Steven Carter-Bailey  ",34,"Watford, Hertfordshire","Marketer",8,3,"Madras Cocktail Teacakes","'The Bag I Knead' Bread Sculpture",3,"IN"
"644","Steven Carter-Bailey  ",34,"Watford, Hertfordshire","Marketer",8,4,"Orange Macadamia Nut Millionaire Shortbreads","Caramel Crown Cake",7,"IN"
"645","Steven Carter-Bailey  ",34,"Watford, Hertfordshire","Marketer",8,5,"Lemon & Blackcurrant Drizzle Steamed School Pudding","'From Across the Jelly Pond' Trifle Terrine",5,"IN"
"646","Steven Carter-Bailey  ",34,"Watford, Hertfordshire","Marketer",8,6,"'Fleetwood Mac' Decorative Pies","Christmas Pie",3,"IN"
"647","Steven Carter-Bailey  ",34,"Watford, Hertfordshire","Marketer",8,7,"Italian Style Cannoli","'Sicilian-style' Sfogliatelle",1,"STAR BAKER"
"648","Steven Carter-Bailey  ",34,"Watford, Hertfordshire","Marketer",8,8,"'Mediterranean Medley' Bedfordshire Clangers","Chestnut Rum Savoy Cake",1,"IN"
"649","Steven Carter-Bailey  ",34,"Watford, Hertfordshire","Marketer",8,9,"Key Lime Cheesecake and Bakewell Tart Choux Buns","'Some Air Over the Rainbow' Meringue Centrepiece",3,"IN"
"650","Steven Carter-Bailey  ",34,"Watford, Hertfordshire","Marketer",8,10,"Spelt & Rye, Toasted Garlic & Fontina and Sweet Chocolate Breads","'Yin Yang' Entremet",1,"Runner-up"
"651","Stu Henshall  ",35,"Guildford, Surrey","Professional musician",6,1,"Marley Madeira Cake","Purple Forest Gâteau",11,"OUT"
"652","Stuart Marston-Smith  ",26,"Lichfield, Staffordshire","PE teacher",3,1,"Tomato and Ginger","Lemon and Pistachio Union Flag Cake",9,"IN"
"653","Stuart Marston-Smith  ",26,"Lichfield, Staffordshire","PE teacher",3,2,"Bombay BreadChorizo and Spring Onion Naan","Cinnamon and Cranberry Bagels
Tomato and Thyme Bagels",9,"IN"
"654","Stuart Marston-Smith  ",26,"Lichfield, Staffordshire","PE teacher",3,3,"Pear and Almond Tarte Tatin","Raspberry Triple Chocolate Layered Tart",7,"IN"
"655","Stuart Marston-Smith  ",26,"Lichfield, Staffordshire","PE teacher",3,4,"Black Forest Torte","Choca Blocka Mocha Meringue",8,"OUT"
"656","Tamal Ray  ",29,"Manchester","Trainee anaesthetist",6,1,"Pistachio and Rose Madeira Cake","Black Forest Gâteau in a Chocolate Shell",4,"IN"
"657","Tamal Ray  ",29,"Manchester","Trainee anaesthetist",6,2,"Cinnamon, Maple and Cranberry Biscotti","Chessboard Box",8,"IN"
"658","Tamal Ray  ",29,"Manchester","Trainee anaesthetist",6,3,"Fig, Cheese and Walnut Breads","Breadcycle",3,"IN"
"659","Tamal Ray  ",29,"Manchester","Trainee anaesthetist",6,4,"Rhubarb and Ginger Crème Brûlées","Mango, Hazelnut and Rosemary Cheesecake Trio",5,"IN"
"660","Tamal Ray  ",29,"Manchester","Trainee anaesthetist",6,5,"Honey and Grapefruit Polenta Cake","Passion Fruit and Pineapple Ice Cream Roll",7,"IN"
"661","Tamal Ray  ",29,"Manchester","Trainee anaesthetist",6,6,"Spiced Pear Frangipane Tart","Fennel and Rosemary Pulled Pork and Chicken and Coriander vol-au-vents",7,"IN"
"662","Tamal Ray  ",29,"Manchester","Trainee anaesthetist",6,7,"Middle Eastern Game Pie","Spiced Blackberry, Raspberry and Cardamom Charlotte Russe",3,"STAR BAKER"
"663","Tamal Ray  ",29,"Manchester","Trainee anaesthetist",6,8,"Lime & Mascarpone and Malt Cream Horns","Passionfruit & Mango and Pistachio & Raspberry Religieuse à l'ancienne",4,"IN"
"664","Tamal Ray  ",29,"Manchester","Trainee anaesthetist",6,9,"Chocolate New York Pie","Chocolate Bell Tower",2,"IN"
"665","Tamal Ray  ",29,"Manchester","Trainee anaesthetist",6,10,"Cinnamon and Apple & Toffee and Marmalade Iced Buns","Sticky Toffee Pudding Cake",3,"Runner-up"
"666","Terry Hartill  ",56,"West Midlands","Retired air steward",9,1,NA,NA,9,"IN"
"667","Terry Hartill  ",56,"West Midlands","Retired air steward",9,2,NA,NA,8,"IN"
"668","Terry Hartill  ",56,"West Midlands","Retired air steward",9,3,NA,NA,1,"IN"
"669","Terry Hartill  ",56,"West Midlands","Retired air steward",9,4,NA,NA,NA,"[a]"
"670","Terry Hartill  ",56,"West Midlands","Retired air steward",9,5,NA,NA,8,"OUT"
"671","Toby Waterworth  ",30,"Reading, Berkshire","Web Programmer",4,1,"Spiced and Iced Carrot Cake","Two Tiered Chocolate Cake",13,"OUT"
"672","Tom Gilliford  ",26,"Rochdale","Project engagement manager",7,1,"G&T Drizzle Cake","Black Forest Broken Mirror",2,"IN"
"673","Tom Gilliford  ",26,"Rochdale","Project engagement manager",7,2,"Chai Frappelatteccino Biscuits","Tom and Pod's Near Death Experience",7,"IN"
"674","Tom Gilliford  ",26,"Rochdale","Project engagement manager",7,3,"Chocolate Orange and Chilli Swirl Bread","Jörmungandr and Mjölnir",4,"STAR BAKER"
"675","Tom Gilliford  ",26,"Rochdale","Project engagement manager",7,4,"West Yorkshire Fusion Puddings","Fennel Churros Snake In The Grass",5,"IN"
"676","Tom Gilliford  ",26,"Rochdale","Project engagement manager",7,5,"Mega Breakfast Bonanzas; Granola Spirals and Wheat Foldovers","Yin and Yang Amuse-bouche",4,"IN"
"677","Tom Gilliford  ",26,"Rochdale","Project engagement manager",7,6,"Blood Orange Halloween Pumpkin Pie","Floral Tea Cake",1,"STAR BAKER"
"678","Tom Gilliford  ",26,"Rochdale","Project engagement manager",7,7,"Millionaire's Roulade","Hipster Picnic",5,"OUT"
"679","Tom Hetherington  ",29,"Edinburgh","Architect",8,1,"Gilded Pear and Cardamom Cake","'Stack of Books' Cake",7,"IN"
"680","Tom Hetherington  ",29,"Edinburgh","Architect",8,2,"Coffee and Amaretto Kisses","'Drain Pipes and Ladders' Game",5,"IN"
"681","Tom Hetherington  ",29,"Edinburgh","Architect",8,3,"Orange and Cranberry Teacakes","'Pink & Yellow Rose Centrepiece' Bread Sculpture",4,"IN"
"682","Tom Hetherington  ",29,"Edinburgh","Architect",8,4,"Stem Ginger Caramel Shortbreads","Hummingbird Cake",5,"OUT"
"683","Ugnė Bubnaityte  ",32,"Woodford, London / Vilkaviškis, Lithuania","PA and administrator",6,1,"Lemon and Thyme Madeira Cake","Falling Cup Gâteau",1,"IN"
"684","Ugnė Bubnaityte  ",32,"Woodford, London / Vilkaviškis, Lithuania","PA and administrator",6,2,"White Wine Biscotti","Baby Climbing into the Cookie Box",7,"IN"
"685","Ugnė Bubnaityte  ",32,"Woodford, London / Vilkaviškis, Lithuania","PA and administrator",6,3,"Chocolate Quick Breads with Salted Caramel Sauce","Easter Basket",5,"IN"
"686","Ugnė Bubnaityte  ",32,"Woodford, London / Vilkaviškis, Lithuania","PA and administrator",6,4,"Marula Fruit and Coffee Liqueur Crème Brûlées","Lime, Coconut and Hazelnut Cheesecakes",2,"IN"
"687","Ugnė Bubnaityte  ",32,"Woodford, London / Vilkaviškis, Lithuania","PA and administrator",6,5,"Chocolate and Hazelnut Sugar-Free Cake","Chocolate, Peanut Butter and Grape Jam Roll",6,"OUT"
"688","Urvashi Roe  ",40,"Enfield, London","Head of Marketing",2,1,"Cherry Blossom CupcakesJapanese Lime Cupcakes","UNKNOWN",7,"IN"
"689","Urvashi Roe  ",40,"Enfield, London","Head of Marketing",2,2,"Crab, Coriander and Coconut Quiche","Strawberry and Basil TartsElderflower and Honeycomb Tarts",7,"IN"
"690","Urvashi Roe  ",40,"Enfield, London","Head of Marketing",2,3,"Salt and Peppercorn Loaf","Chilli and Halloumi RollsLemon and Coriander Mini Loaves",9,"OUT"
"691","Val Stones  ",66,"Yeovil","Semi-retired, Substitute teacher",7,1,"Mum's Orange and Lemon Drizzle","Chocolate Sponge with Four Fruit Frosting",10,"IN"
"692","Val Stones  ",66,"Yeovil","Semi-retired, Substitute teacher",7,2,"Sunday Treat Iced Ice Cream Cone Biscuits","From Holland to New York via Yorkshire",5,"IN"
"693","Val Stones  ",66,"Yeovil","Semi-retired, Substitute teacher",7,3,"Double Chocolate Cinnamon Twist Loaf","""And They All Went Into The Ark To Get Out Of The Rain""",1,"IN"
"694","Val Stones  ",66,"Yeovil","Semi-retired, Substitute teacher",7,4,"Mum's Chilli Yorkshire Puddings","Orange Chocolate Churros",6,"IN"
"695","Val Stones  ",66,"Yeovil","Semi-retired, Substitute teacher",7,5,"Pecan and Maple Syrup Pinwheels and Apple, Sultana and Cinnamon Swirls","Caramelised Red Onion, Goats Cheese Tartlets and Mincemeat and Apple Spiced Parcels",7,"OUT"
"696","Victoria Chester  ",50,"Somerset","CEO of the charity Plantlife",3,1,"Pear and Pecan","Blackbird Pie Cake",4,"STAR BAKER"
"697","Victoria Chester  ",50,"Somerset","CEO of the charity Plantlife",3,2,"Coriander and Lemon NaanGarlic and Parsnip Chapatis","Saffron and Golden Raisin Bagels
Porcini Bagels",7,"IN"
"698","Victoria Chester  ",50,"Somerset","CEO of the charity Plantlife",3,3,"Fig, Walnut and Pink Peppercorn Tarte Tatin","Tropical Fruit Tart with Black Pepper Crust",4,"OUT"
"699","Yasmin Limbert  ",43,"West Kirby, The Wirral","Childminder",2,1,"Cardamom and Pomegranate Cupcakes","UNKNOWN",5,"IN"
"700","Yasmin Limbert  ",43,"West Kirby, The Wirral","Childminder",2,2,"Smoked Haddock and Watercress Quiche","Chocolate and Orange with Cinnamon-Orange Pastry TartsBlueberry and Hazelnut with Hazelnut Pastry Tarts",6,"IN"
"701","Yasmin Limbert  ",43,"West Kirby, The Wirral","Childminder",2,3,"Egyptian Dukkah Loaf with Mixed Spices","Pesto Bread
Sweet Coconut Rolls",2,"STAR BAKER"
"702","Yasmin Limbert  ",43,"West Kirby, The Wirral","Childminder",2,4,"Chocolate Chip and Pistachio Biscotti","Chocolate and Lime MacaronsCoffee and Walnut MacaronsPineapple and Coconut Macarons",6,"IN"
"703","Yasmin Limbert  ",43,"West Kirby, The Wirral","Childminder",2,5,"Family Fish Pie","Peach and Raspberry Meringue Pie",5,"IN"
"704","Yasmin Limbert  ",43,"West Kirby, The Wirral","Childminder",2,6,"Baked Amaretto Cheesecake","Rose Croquembouche",2,"OUT"
